window_index,window_start_ns,window_end_ns,window_duration_ns,time_since_start_s,gpu_id,instance_id,busy_time_ns,idle_time_ns,utilization_pct
0,1067883451,2067883451,1000000000,0.0,0,0,0,1000000000,0.0
0,1067883451,2067883451,1000000000,0.0,1,1,621368345,378631655,62.136834500000006
0,1067883451,2067883451,1000000000,0.0,2,2,0,1000000000,0.0
0,1067883451,2067883451,1000000000,0.0,3,3,0,1000000000,0.0
0,1067883451,2067883451,1000000000,0.0,4,4,999883451,116549,99.9883451
1,2067883451,3067883451,1000000000,1.0,0,0,0,1000000000,0.0
1,2067883451,3067883451,1000000000,1.0,1,1,1000000000,0,100.0
1,2067883451,3067883451,1000000000,1.0,2,2,592486927,407513073,59.24869270000001
1,2067883451,3067883451,1000000000,1.0,3,3,325469304,674530696,32.5469304
1,2067883451,3067883451,1000000000,1.0,4,4,1000000000,0,100.0
2,3067883451,4067883451,1000000000,2.0,0,0,0,1000000000,0.0
2,3067883451,4067883451,1000000000,2.0,1,1,1000000000,0,100.0
2,3067883451,4067883451,1000000000,2.0,2,2,1000000000,0,100.0
2,3067883451,4067883451,1000000000,2.0,3,3,1000000000,0,100.0
2,3067883451,4067883451,1000000000,2.0,4,4,1000000000,0,100.0
3,4067883451,5067883451,1000000000,3.0,0,0,0,1000000000,0.0
3,4067883451,5067883451,1000000000,3.0,1,1,1000000000,0,100.0
3,4067883451,5067883451,1000000000,3.0,2,2,1000000000,0,100.0
3,4067883451,5067883451,1000000000,3.0,3,3,1000000000,0,100.0
3,4067883451,5067883451,1000000000,3.0,4,4,1000000000,0,100.0
4,5067883451,6067883451,1000000000,4.0,0,0,0,1000000000,0.0
4,5067883451,6067883451,1000000000,4.0,1,1,1000000000,0,100.0
4,5067883451,6067883451,1000000000,4.0,2,2,1000000000,0,100.0
4,5067883451,6067883451,1000000000,4.0,3,3,1000000000,0,100.0
4,5067883451,6067883451,1000000000,4.0,4,4,1000000000,0,100.0
5,6067883451,7067883451,1000000000,5.0,0,0,805736302,194263698,80.5736302
5,6067883451,7067883451,1000000000,5.0,1,1,1000000000,0,100.0
5,6067883451,7067883451,1000000000,5.0,2,2,1000000000,0,100.0
5,6067883451,7067883451,1000000000,5.0,3,3,1000000000,0,100.0
5,6067883451,7067883451,1000000000,5.0,4,4,1000000000,0,100.0
6,7067883451,8067883451,1000000000,6.0,0,0,1000000000,0,100.0
6,7067883451,8067883451,1000000000,6.0,1,1,1000000000,0,100.0
6,7067883451,8067883451,1000000000,6.0,2,2,1000000000,0,100.0
6,7067883451,8067883451,1000000000,6.0,3,3,1000000000,0,100.0
6,7067883451,8067883451,1000000000,6.0,4,4,1000000000,0,100.0
7,8067883451,9067883451,1000000000,7.0,0,0,1000000000,0,100.0
7,8067883451,9067883451,1000000000,7.0,1,1,1000000000,0,100.0
7,8067883451,9067883451,1000000000,7.0,2,2,1000000000,0,100.0
7,8067883451,9067883451,1000000000,7.0,3,3,1000000000,0,100.0
7,8067883451,9067883451,1000000000,7.0,4,4,1000000000,0,100.0
8,9067883451,10067883451,1000000000,8.0,0,0,1000000000,0,100.0
8,9067883451,10067883451,1000000000,8.0,1,1,1000000000,0,100.0
8,9067883451,10067883451,1000000000,8.0,2,2,1000000000,0,100.0
8,9067883451,10067883451,1000000000,8.0,3,3,1000000000,0,100.0
8,9067883451,10067883451,1000000000,8.0,4,4,1000000000,0,100.0
9,10067883451,11067883451,1000000000,9.0,0,0,1000000000,0,100.0
9,10067883451,11067883451,1000000000,9.0,1,1,1000000000,0,100.0
9,10067883451,11067883451,1000000000,9.0,2,2,1000000000,0,100.0
9,10067883451,11067883451,1000000000,9.0,3,3,1000000000,0,100.0
9,10067883451,11067883451,1000000000,9.0,4,4,1000000000,0,100.0
10,11067883451,12067883451,1000000000,10.0,0,0,1000000000,0,100.0
10,11067883451,12067883451,1000000000,10.0,1,1,1000000000,0,100.0
10,11067883451,12067883451,1000000000,10.0,2,2,1000000000,0,100.0
10,11067883451,12067883451,1000000000,10.0,3,3,1000000000,0,100.0
10,11067883451,12067883451,1000000000,10.0,4,4,1000000000,0,100.0
11,12067883451,13067883451,1000000000,11.0,0,0,1000000000,0,100.0
11,12067883451,13067883451,1000000000,11.0,1,1,1000000000,0,100.0
11,12067883451,13067883451,1000000000,11.0,2,2,1000000000,0,100.0
11,12067883451,13067883451,1000000000,11.0,3,3,1000000000,0,100.0
11,12067883451,13067883451,1000000000,11.0,4,4,1000000000,0,100.0
12,13067883451,14067883451,1000000000,12.0,0,0,1000000000,0,100.0
12,13067883451,14067883451,1000000000,12.0,1,1,1000000000,0,100.0
12,13067883451,14067883451,1000000000,12.0,2,2,1000000000,0,100.0
12,13067883451,14067883451,1000000000,12.0,3,3,1000000000,0,100.0
12,13067883451,14067883451,1000000000,12.0,4,4,1000000000,0,100.0
13,14067883451,15067883451,1000000000,13.0,0,0,1000000000,0,100.0
13,14067883451,15067883451,1000000000,13.0,1,1,1000000000,0,100.0
13,14067883451,15067883451,1000000000,13.0,2,2,1000000000,0,100.0
13,14067883451,15067883451,1000000000,13.0,3,3,1000000000,0,100.0
13,14067883451,15067883451,1000000000,13.0,4,4,1000000000,0,100.0
14,15067883451,16067883451,1000000000,14.0,0,0,1000000000,0,100.0
14,15067883451,16067883451,1000000000,14.0,1,1,1000000000,0,100.0
14,15067883451,16067883451,1000000000,14.0,2,2,1000000000,0,100.0
14,15067883451,16067883451,1000000000,14.0,3,3,1000000000,0,100.0
14,15067883451,16067883451,1000000000,14.0,4,4,1000000000,0,100.0
15,16067883451,17067883451,1000000000,15.0,0,0,1000000000,0,100.0
15,16067883451,17067883451,1000000000,15.0,1,1,1000000000,0,100.0
15,16067883451,17067883451,1000000000,15.0,2,2,1000000000,0,100.0
15,16067883451,17067883451,1000000000,15.0,3,3,1000000000,0,100.0
15,16067883451,17067883451,1000000000,15.0,4,4,1000000000,0,100.0
16,17067883451,18067883451,1000000000,16.0,0,0,1000000000,0,100.0
16,17067883451,18067883451,1000000000,16.0,1,1,1000000000,0,100.0
16,17067883451,18067883451,1000000000,16.0,2,2,1000000000,0,100.0
16,17067883451,18067883451,1000000000,16.0,3,3,1000000000,0,100.0
16,17067883451,18067883451,1000000000,16.0,4,4,1000000000,0,100.0
17,18067883451,19067883451,1000000000,17.0,0,0,1000000000,0,100.0
17,18067883451,19067883451,1000000000,17.0,1,1,1000000000,0,100.0
17,18067883451,19067883451,1000000000,17.0,2,2,1000000000,0,100.0
17,18067883451,19067883451,1000000000,17.0,3,3,1000000000,0,100.0
17,18067883451,19067883451,1000000000,17.0,4,4,1000000000,0,100.0
18,19067883451,20067883451,1000000000,18.0,0,0,1000000000,0,100.0
18,19067883451,20067883451,1000000000,18.0,1,1,1000000000,0,100.0
18,19067883451,20067883451,1000000000,18.0,2,2,1000000000,0,100.0
18,19067883451,20067883451,1000000000,18.0,3,3,1000000000,0,100.0
18,19067883451,20067883451,1000000000,18.0,4,4,1000000000,0,100.0
19,20067883451,21067883451,1000000000,19.0,0,0,1000000000,0,100.0
19,20067883451,21067883451,1000000000,19.0,1,1,1000000000,0,100.0
19,20067883451,21067883451,1000000000,19.0,2,2,1000000000,0,100.0
19,20067883451,21067883451,1000000000,19.0,3,3,1000000000,0,100.0
19,20067883451,21067883451,1000000000,19.0,4,4,1000000000,0,100.0
20,21067883451,22067883451,1000000000,20.0,0,0,1000000000,0,100.0
20,21067883451,22067883451,1000000000,20.0,1,1,1000000000,0,100.0
20,21067883451,22067883451,1000000000,20.0,2,2,1000000000,0,100.0
20,21067883451,22067883451,1000000000,20.0,3,3,1000000000,0,100.0
20,21067883451,22067883451,1000000000,20.0,4,4,1000000000,0,100.0
21,22067883451,23067883451,1000000000,21.0,0,0,1000000000,0,100.0
21,22067883451,23067883451,1000000000,21.0,1,1,1000000000,0,100.0
21,22067883451,23067883451,1000000000,21.0,2,2,1000000000,0,100.0
21,22067883451,23067883451,1000000000,21.0,3,3,1000000000,0,100.0
21,22067883451,23067883451,1000000000,21.0,4,4,1000000000,0,100.0
22,23067883451,24067883451,1000000000,22.0,0,0,1000000000,0,100.0
22,23067883451,24067883451,1000000000,22.0,1,1,1000000000,0,100.0
22,23067883451,24067883451,1000000000,22.0,2,2,1000000000,0,100.0
22,23067883451,24067883451,1000000000,22.0,3,3,1000000000,0,100.0
22,23067883451,24067883451,1000000000,22.0,4,4,1000000000,0,100.0
23,24067883451,25067883451,1000000000,23.0,0,0,1000000000,0,100.0
23,24067883451,25067883451,1000000000,23.0,1,1,1000000000,0,100.0
23,24067883451,25067883451,1000000000,23.0,2,2,1000000000,0,100.0
23,24067883451,25067883451,1000000000,23.0,3,3,1000000000,0,100.0
23,24067883451,25067883451,1000000000,23.0,4,4,1000000000,0,100.0
24,25067883451,26067883451,1000000000,24.0,0,0,1000000000,0,100.0
24,25067883451,26067883451,1000000000,24.0,1,1,1000000000,0,100.0
24,25067883451,26067883451,1000000000,24.0,2,2,1000000000,0,100.0
24,25067883451,26067883451,1000000000,24.0,3,3,1000000000,0,100.0
24,25067883451,26067883451,1000000000,24.0,4,4,1000000000,0,100.0
25,26067883451,27067883451,1000000000,25.0,0,0,1000000000,0,100.0
25,26067883451,27067883451,1000000000,25.0,1,1,1000000000,0,100.0
25,26067883451,27067883451,1000000000,25.0,2,2,1000000000,0,100.0
25,26067883451,27067883451,1000000000,25.0,3,3,1000000000,0,100.0
25,26067883451,27067883451,1000000000,25.0,4,4,1000000000,0,100.0
26,27067883451,28067883451,1000000000,26.0,0,0,1000000000,0,100.0
26,27067883451,28067883451,1000000000,26.0,1,1,1000000000,0,100.0
26,27067883451,28067883451,1000000000,26.0,2,2,1000000000,0,100.0
26,27067883451,28067883451,1000000000,26.0,3,3,1000000000,0,100.0
26,27067883451,28067883451,1000000000,26.0,4,4,1000000000,0,100.0
27,28067883451,29067883451,1000000000,27.0,0,0,1000000000,0,100.0
27,28067883451,29067883451,1000000000,27.0,1,1,1000000000,0,100.0
27,28067883451,29067883451,1000000000,27.0,2,2,1000000000,0,100.0
27,28067883451,29067883451,1000000000,27.0,3,3,1000000000,0,100.0
27,28067883451,29067883451,1000000000,27.0,4,4,1000000000,0,100.0
28,29067883451,30067883451,1000000000,28.0,0,0,1000000000,0,100.0
28,29067883451,30067883451,1000000000,28.0,1,1,1000000000,0,100.0
28,29067883451,30067883451,1000000000,28.0,2,2,1000000000,0,100.0
28,29067883451,30067883451,1000000000,28.0,3,3,1000000000,0,100.0
28,29067883451,30067883451,1000000000,28.0,4,4,1000000000,0,100.0
29,30067883451,31067883451,1000000000,29.0,0,0,1000000000,0,100.0
29,30067883451,31067883451,1000000000,29.0,1,1,1000000000,0,100.0
29,30067883451,31067883451,1000000000,29.0,2,2,1000000000,0,100.0
29,30067883451,31067883451,1000000000,29.0,3,3,1000000000,0,100.0
29,30067883451,31067883451,1000000000,29.0,4,4,1000000000,0,100.0
30,31067883451,32067883451,1000000000,30.0,0,0,1000000000,0,100.0
30,31067883451,32067883451,1000000000,30.0,1,1,1000000000,0,100.0
30,31067883451,32067883451,1000000000,30.0,2,2,1000000000,0,100.0
30,31067883451,32067883451,1000000000,30.0,3,3,1000000000,0,100.0
30,31067883451,32067883451,1000000000,30.0,4,4,1000000000,0,100.0
31,32067883451,33067883451,1000000000,31.0,0,0,1000000000,0,100.0
31,32067883451,33067883451,1000000000,31.0,1,1,1000000000,0,100.0
31,32067883451,33067883451,1000000000,31.0,2,2,1000000000,0,100.0
31,32067883451,33067883451,1000000000,31.0,3,3,1000000000,0,100.0
31,32067883451,33067883451,1000000000,31.0,4,4,1000000000,0,100.0
32,33067883451,34067883451,1000000000,32.0,0,0,1000000000,0,100.0
32,33067883451,34067883451,1000000000,32.0,1,1,1000000000,0,100.0
32,33067883451,34067883451,1000000000,32.0,2,2,1000000000,0,100.0
32,33067883451,34067883451,1000000000,32.0,3,3,1000000000,0,100.0
32,33067883451,34067883451,1000000000,32.0,4,4,1000000000,0,100.0
33,34067883451,35067883451,1000000000,33.0,0,0,1000000000,0,100.0
33,34067883451,35067883451,1000000000,33.0,1,1,1000000000,0,100.0
33,34067883451,35067883451,1000000000,33.0,2,2,1000000000,0,100.0
33,34067883451,35067883451,1000000000,33.0,3,3,1000000000,0,100.0
33,34067883451,35067883451,1000000000,33.0,4,4,1000000000,0,100.0
34,35067883451,36067883451,1000000000,34.0,0,0,1000000000,0,100.0
34,35067883451,36067883451,1000000000,34.0,1,1,1000000000,0,100.0
34,35067883451,36067883451,1000000000,34.0,2,2,1000000000,0,100.0
34,35067883451,36067883451,1000000000,34.0,3,3,1000000000,0,100.0
34,35067883451,36067883451,1000000000,34.0,4,4,1000000000,0,100.0
35,36067883451,37067883451,1000000000,35.0,0,0,1000000000,0,100.0
35,36067883451,37067883451,1000000000,35.0,1,1,1000000000,0,100.0
35,36067883451,37067883451,1000000000,35.0,2,2,1000000000,0,100.0
35,36067883451,37067883451,1000000000,35.0,3,3,1000000000,0,100.0
35,36067883451,37067883451,1000000000,35.0,4,4,1000000000,0,100.0
36,37067883451,38067883451,1000000000,36.0,0,0,1000000000,0,100.0
36,37067883451,38067883451,1000000000,36.0,1,1,1000000000,0,100.0
36,37067883451,38067883451,1000000000,36.0,2,2,1000000000,0,100.0
36,37067883451,38067883451,1000000000,36.0,3,3,1000000000,0,100.0
36,37067883451,38067883451,1000000000,36.0,4,4,1000000000,0,100.0
37,38067883451,39067883451,1000000000,37.0,0,0,1000000000,0,100.0
37,38067883451,39067883451,1000000000,37.0,1,1,1000000000,0,100.0
37,38067883451,39067883451,1000000000,37.0,2,2,1000000000,0,100.0
37,38067883451,39067883451,1000000000,37.0,3,3,1000000000,0,100.0
37,38067883451,39067883451,1000000000,37.0,4,4,1000000000,0,100.0
38,39067883451,40067883451,1000000000,38.0,0,0,1000000000,0,100.0
38,39067883451,40067883451,1000000000,38.0,1,1,1000000000,0,100.0
38,39067883451,40067883451,1000000000,38.0,2,2,1000000000,0,100.0
38,39067883451,40067883451,1000000000,38.0,3,3,1000000000,0,100.0
38,39067883451,40067883451,1000000000,38.0,4,4,1000000000,0,100.0
39,40067883451,41067883451,1000000000,39.0,0,0,1000000000,0,100.0
39,40067883451,41067883451,1000000000,39.0,1,1,1000000000,0,100.0
39,40067883451,41067883451,1000000000,39.0,2,2,1000000000,0,100.0
39,40067883451,41067883451,1000000000,39.0,3,3,1000000000,0,100.0
39,40067883451,41067883451,1000000000,39.0,4,4,1000000000,0,100.0
40,41067883451,42067883451,1000000000,40.0,0,0,1000000000,0,100.0
40,41067883451,42067883451,1000000000,40.0,1,1,1000000000,0,100.0
40,41067883451,42067883451,1000000000,40.0,2,2,1000000000,0,100.0
40,41067883451,42067883451,1000000000,40.0,3,3,1000000000,0,100.0
40,41067883451,42067883451,1000000000,40.0,4,4,1000000000,0,100.0
41,42067883451,43067883451,1000000000,41.0,0,0,1000000000,0,100.0
41,42067883451,43067883451,1000000000,41.0,1,1,1000000000,0,100.0
41,42067883451,43067883451,1000000000,41.0,2,2,1000000000,0,100.0
41,42067883451,43067883451,1000000000,41.0,3,3,1000000000,0,100.0
41,42067883451,43067883451,1000000000,41.0,4,4,1000000000,0,100.0
42,43067883451,44067883451,1000000000,42.0,0,0,1000000000,0,100.0
42,43067883451,44067883451,1000000000,42.0,1,1,1000000000,0,100.0
42,43067883451,44067883451,1000000000,42.0,2,2,1000000000,0,100.0
42,43067883451,44067883451,1000000000,42.0,3,3,1000000000,0,100.0
42,43067883451,44067883451,1000000000,42.0,4,4,1000000000,0,100.0
43,44067883451,45067883451,1000000000,43.0,0,0,1000000000,0,100.0
43,44067883451,45067883451,1000000000,43.0,1,1,1000000000,0,100.0
43,44067883451,45067883451,1000000000,43.0,2,2,1000000000,0,100.0
43,44067883451,45067883451,1000000000,43.0,3,3,1000000000,0,100.0
43,44067883451,45067883451,1000000000,43.0,4,4,1000000000,0,100.0
44,45067883451,46067883451,1000000000,44.0,0,0,1000000000,0,100.0
44,45067883451,46067883451,1000000000,44.0,1,1,1000000000,0,100.0
44,45067883451,46067883451,1000000000,44.0,2,2,1000000000,0,100.0
44,45067883451,46067883451,1000000000,44.0,3,3,1000000000,0,100.0
44,45067883451,46067883451,1000000000,44.0,4,4,1000000000,0,100.0
45,46067883451,47067883451,1000000000,45.0,0,0,1000000000,0,100.0
45,46067883451,47067883451,1000000000,45.0,1,1,1000000000,0,100.0
45,46067883451,47067883451,1000000000,45.0,2,2,1000000000,0,100.0
45,46067883451,47067883451,1000000000,45.0,3,3,1000000000,0,100.0
45,46067883451,47067883451,1000000000,45.0,4,4,1000000000,0,100.0
46,47067883451,48067883451,1000000000,46.0,0,0,1000000000,0,100.0
46,47067883451,48067883451,1000000000,46.0,1,1,1000000000,0,100.0
46,47067883451,48067883451,1000000000,46.0,2,2,1000000000,0,100.0
46,47067883451,48067883451,1000000000,46.0,3,3,1000000000,0,100.0
46,47067883451,48067883451,1000000000,46.0,4,4,1000000000,0,100.0
47,48067883451,49067883451,1000000000,47.0,0,0,1000000000,0,100.0
47,48067883451,49067883451,1000000000,47.0,1,1,1000000000,0,100.0
47,48067883451,49067883451,1000000000,47.0,2,2,1000000000,0,100.0
47,48067883451,49067883451,1000000000,47.0,3,3,1000000000,0,100.0
47,48067883451,49067883451,1000000000,47.0,4,4,1000000000,0,100.0
48,49067883451,50067883451,1000000000,48.0,0,0,1000000000,0,100.0
48,49067883451,50067883451,1000000000,48.0,1,1,1000000000,0,100.0
48,49067883451,50067883451,1000000000,48.0,2,2,1000000000,0,100.0
48,49067883451,50067883451,1000000000,48.0,3,3,1000000000,0,100.0
48,49067883451,50067883451,1000000000,48.0,4,4,1000000000,0,100.0
49,50067883451,51067883451,1000000000,49.0,0,0,1000000000,0,100.0
49,50067883451,51067883451,1000000000,49.0,1,1,1000000000,0,100.0
49,50067883451,51067883451,1000000000,49.0,2,2,1000000000,0,100.0
49,50067883451,51067883451,1000000000,49.0,3,3,1000000000,0,100.0
49,50067883451,51067883451,1000000000,49.0,4,4,1000000000,0,100.0
50,51067883451,52067883451,1000000000,50.0,0,0,1000000000,0,100.0
50,51067883451,52067883451,1000000000,50.0,1,1,1000000000,0,100.0
50,51067883451,52067883451,1000000000,50.0,2,2,1000000000,0,100.0
50,51067883451,52067883451,1000000000,50.0,3,3,1000000000,0,100.0
50,51067883451,52067883451,1000000000,50.0,4,4,1000000000,0,100.0
51,52067883451,53067883451,1000000000,51.0,0,0,1000000000,0,100.0
51,52067883451,53067883451,1000000000,51.0,1,1,1000000000,0,100.0
51,52067883451,53067883451,1000000000,51.0,2,2,1000000000,0,100.0
51,52067883451,53067883451,1000000000,51.0,3,3,1000000000,0,100.0
51,52067883451,53067883451,1000000000,51.0,4,4,1000000000,0,100.0
52,53067883451,54067883451,1000000000,52.0,0,0,1000000000,0,100.0
52,53067883451,54067883451,1000000000,52.0,1,1,1000000000,0,100.0
52,53067883451,54067883451,1000000000,52.0,2,2,1000000000,0,100.0
52,53067883451,54067883451,1000000000,52.0,3,3,1000000000,0,100.0
52,53067883451,54067883451,1000000000,52.0,4,4,1000000000,0,100.0
53,54067883451,55067883451,1000000000,53.0,0,0,1000000000,0,100.0
53,54067883451,55067883451,1000000000,53.0,1,1,1000000000,0,100.0
53,54067883451,55067883451,1000000000,53.0,2,2,1000000000,0,100.0
53,54067883451,55067883451,1000000000,53.0,3,3,1000000000,0,100.0
53,54067883451,55067883451,1000000000,53.0,4,4,1000000000,0,100.0
54,55067883451,56067883451,1000000000,54.0,0,0,1000000000,0,100.0
54,55067883451,56067883451,1000000000,54.0,1,1,1000000000,0,100.0
54,55067883451,56067883451,1000000000,54.0,2,2,1000000000,0,100.0
54,55067883451,56067883451,1000000000,54.0,3,3,1000000000,0,100.0
54,55067883451,56067883451,1000000000,54.0,4,4,1000000000,0,100.0
55,56067883451,57067883451,1000000000,55.0,0,0,1000000000,0,100.0
55,56067883451,57067883451,1000000000,55.0,1,1,1000000000,0,100.0
55,56067883451,57067883451,1000000000,55.0,2,2,1000000000,0,100.0
55,56067883451,57067883451,1000000000,55.0,3,3,1000000000,0,100.0
55,56067883451,57067883451,1000000000,55.0,4,4,1000000000,0,100.0
56,57067883451,58067883451,1000000000,56.0,0,0,1000000000,0,100.0
56,57067883451,58067883451,1000000000,56.0,1,1,1000000000,0,100.0
56,57067883451,58067883451,1000000000,56.0,2,2,1000000000,0,100.0
56,57067883451,58067883451,1000000000,56.0,3,3,1000000000,0,100.0
56,57067883451,58067883451,1000000000,56.0,4,4,1000000000,0,100.0
57,58067883451,59067883451,1000000000,57.0,0,0,1000000000,0,100.0
57,58067883451,59067883451,1000000000,57.0,1,1,1000000000,0,100.0
57,58067883451,59067883451,1000000000,57.0,2,2,1000000000,0,100.0
57,58067883451,59067883451,1000000000,57.0,3,3,1000000000,0,100.0
57,58067883451,59067883451,1000000000,57.0,4,4,1000000000,0,100.0
58,59067883451,60067883451,1000000000,58.0,0,0,1000000000,0,100.0
58,59067883451,60067883451,1000000000,58.0,1,1,1000000000,0,100.0
58,59067883451,60067883451,1000000000,58.0,2,2,1000000000,0,100.0
58,59067883451,60067883451,1000000000,58.0,3,3,1000000000,0,100.0
58,59067883451,60067883451,1000000000,58.0,4,4,1000000000,0,100.0
59,60067883451,61067883451,1000000000,59.0,0,0,1000000000,0,100.0
59,60067883451,61067883451,1000000000,59.0,1,1,1000000000,0,100.0
59,60067883451,61067883451,1000000000,59.0,2,2,1000000000,0,100.0
59,60067883451,61067883451,1000000000,59.0,3,3,1000000000,0,100.0
59,60067883451,61067883451,1000000000,59.0,4,4,1000000000,0,100.0
60,61067883451,62067883451,1000000000,60.0,0,0,1000000000,0,100.0
60,61067883451,62067883451,1000000000,60.0,1,1,1000000000,0,100.0
60,61067883451,62067883451,1000000000,60.0,2,2,1000000000,0,100.0
60,61067883451,62067883451,1000000000,60.0,3,3,1000000000,0,100.0
60,61067883451,62067883451,1000000000,60.0,4,4,1000000000,0,100.0
61,62067883451,63067883451,1000000000,61.0,0,0,1000000000,0,100.0
61,62067883451,63067883451,1000000000,61.0,1,1,1000000000,0,100.0
61,62067883451,63067883451,1000000000,61.0,2,2,1000000000,0,100.0
61,62067883451,63067883451,1000000000,61.0,3,3,1000000000,0,100.0
61,62067883451,63067883451,1000000000,61.0,4,4,1000000000,0,100.0
62,63067883451,64067883451,1000000000,62.0,0,0,1000000000,0,100.0
62,63067883451,64067883451,1000000000,62.0,1,1,1000000000,0,100.0
62,63067883451,64067883451,1000000000,62.0,2,2,1000000000,0,100.0
62,63067883451,64067883451,1000000000,62.0,3,3,1000000000,0,100.0
62,63067883451,64067883451,1000000000,62.0,4,4,1000000000,0,100.0
63,64067883451,65067883451,1000000000,63.0,0,0,1000000000,0,100.0
63,64067883451,65067883451,1000000000,63.0,1,1,1000000000,0,100.0
63,64067883451,65067883451,1000000000,63.0,2,2,1000000000,0,100.0
63,64067883451,65067883451,1000000000,63.0,3,3,1000000000,0,100.0
63,64067883451,65067883451,1000000000,63.0,4,4,1000000000,0,100.0
64,65067883451,66067883451,1000000000,64.0,0,0,1000000000,0,100.0
64,65067883451,66067883451,1000000000,64.0,1,1,1000000000,0,100.0
64,65067883451,66067883451,1000000000,64.0,2,2,1000000000,0,100.0
64,65067883451,66067883451,1000000000,64.0,3,3,1000000000,0,100.0
64,65067883451,66067883451,1000000000,64.0,4,4,1000000000,0,100.0
65,66067883451,67067883451,1000000000,65.0,0,0,1000000000,0,100.0
65,66067883451,67067883451,1000000000,65.0,1,1,1000000000,0,100.0
65,66067883451,67067883451,1000000000,65.0,2,2,1000000000,0,100.0
65,66067883451,67067883451,1000000000,65.0,3,3,1000000000,0,100.0
65,66067883451,67067883451,1000000000,65.0,4,4,1000000000,0,100.0
66,67067883451,68067883451,1000000000,66.0,0,0,1000000000,0,100.0
66,67067883451,68067883451,1000000000,66.0,1,1,1000000000,0,100.0
66,67067883451,68067883451,1000000000,66.0,2,2,1000000000,0,100.0
66,67067883451,68067883451,1000000000,66.0,3,3,1000000000,0,100.0
66,67067883451,68067883451,1000000000,66.0,4,4,1000000000,0,100.0
67,68067883451,69067883451,1000000000,67.0,0,0,1000000000,0,100.0
67,68067883451,69067883451,1000000000,67.0,1,1,1000000000,0,100.0
67,68067883451,69067883451,1000000000,67.0,2,2,1000000000,0,100.0
67,68067883451,69067883451,1000000000,67.0,3,3,1000000000,0,100.0
67,68067883451,69067883451,1000000000,67.0,4,4,1000000000,0,100.0
68,69067883451,70067883451,1000000000,68.0,0,0,1000000000,0,100.0
68,69067883451,70067883451,1000000000,68.0,1,1,1000000000,0,100.0
68,69067883451,70067883451,1000000000,68.0,2,2,1000000000,0,100.0
68,69067883451,70067883451,1000000000,68.0,3,3,1000000000,0,100.0
68,69067883451,70067883451,1000000000,68.0,4,4,1000000000,0,100.0
69,70067883451,71067883451,1000000000,69.0,0,0,1000000000,0,100.0
69,70067883451,71067883451,1000000000,69.0,1,1,1000000000,0,100.0
69,70067883451,71067883451,1000000000,69.0,2,2,1000000000,0,100.0
69,70067883451,71067883451,1000000000,69.0,3,3,1000000000,0,100.0
69,70067883451,71067883451,1000000000,69.0,4,4,1000000000,0,100.0
70,71067883451,72067883451,1000000000,70.0,0,0,1000000000,0,100.0
70,71067883451,72067883451,1000000000,70.0,1,1,1000000000,0,100.0
70,71067883451,72067883451,1000000000,70.0,2,2,1000000000,0,100.0
70,71067883451,72067883451,1000000000,70.0,3,3,1000000000,0,100.0
70,71067883451,72067883451,1000000000,70.0,4,4,1000000000,0,100.0
71,72067883451,73067883451,1000000000,71.0,0,0,1000000000,0,100.0
71,72067883451,73067883451,1000000000,71.0,1,1,1000000000,0,100.0
71,72067883451,73067883451,1000000000,71.0,2,2,1000000000,0,100.0
71,72067883451,73067883451,1000000000,71.0,3,3,1000000000,0,100.0
71,72067883451,73067883451,1000000000,71.0,4,4,1000000000,0,100.0
72,73067883451,74067883451,1000000000,72.0,0,0,1000000000,0,100.0
72,73067883451,74067883451,1000000000,72.0,1,1,1000000000,0,100.0
72,73067883451,74067883451,1000000000,72.0,2,2,1000000000,0,100.0
72,73067883451,74067883451,1000000000,72.0,3,3,1000000000,0,100.0
72,73067883451,74067883451,1000000000,72.0,4,4,1000000000,0,100.0
73,74067883451,75067883451,1000000000,73.0,0,0,1000000000,0,100.0
73,74067883451,75067883451,1000000000,73.0,1,1,1000000000,0,100.0
73,74067883451,75067883451,1000000000,73.0,2,2,1000000000,0,100.0
73,74067883451,75067883451,1000000000,73.0,3,3,1000000000,0,100.0
73,74067883451,75067883451,1000000000,73.0,4,4,1000000000,0,100.0
74,75067883451,76067883451,1000000000,74.0,0,0,1000000000,0,100.0
74,75067883451,76067883451,1000000000,74.0,1,1,1000000000,0,100.0
74,75067883451,76067883451,1000000000,74.0,2,2,1000000000,0,100.0
74,75067883451,76067883451,1000000000,74.0,3,3,1000000000,0,100.0
74,75067883451,76067883451,1000000000,74.0,4,4,1000000000,0,100.0
75,76067883451,77067883451,1000000000,75.0,0,0,1000000000,0,100.0
75,76067883451,77067883451,1000000000,75.0,1,1,1000000000,0,100.0
75,76067883451,77067883451,1000000000,75.0,2,2,1000000000,0,100.0
75,76067883451,77067883451,1000000000,75.0,3,3,1000000000,0,100.0
75,76067883451,77067883451,1000000000,75.0,4,4,1000000000,0,100.0
76,77067883451,78067883451,1000000000,76.0,0,0,1000000000,0,100.0
76,77067883451,78067883451,1000000000,76.0,1,1,1000000000,0,100.0
76,77067883451,78067883451,1000000000,76.0,2,2,1000000000,0,100.0
76,77067883451,78067883451,1000000000,76.0,3,3,1000000000,0,100.0
76,77067883451,78067883451,1000000000,76.0,4,4,1000000000,0,100.0
77,78067883451,79067883451,1000000000,77.0,0,0,1000000000,0,100.0
77,78067883451,79067883451,1000000000,77.0,1,1,1000000000,0,100.0
77,78067883451,79067883451,1000000000,77.0,2,2,1000000000,0,100.0
77,78067883451,79067883451,1000000000,77.0,3,3,1000000000,0,100.0
77,78067883451,79067883451,1000000000,77.0,4,4,1000000000,0,100.0
78,79067883451,80067883451,1000000000,78.0,0,0,1000000000,0,100.0
78,79067883451,80067883451,1000000000,78.0,1,1,1000000000,0,100.0
78,79067883451,80067883451,1000000000,78.0,2,2,1000000000,0,100.0
78,79067883451,80067883451,1000000000,78.0,3,3,1000000000,0,100.0
78,79067883451,80067883451,1000000000,78.0,4,4,1000000000,0,100.0
79,80067883451,81067883451,1000000000,79.0,0,0,1000000000,0,100.0
79,80067883451,81067883451,1000000000,79.0,1,1,1000000000,0,100.0
79,80067883451,81067883451,1000000000,79.0,2,2,1000000000,0,100.0
79,80067883451,81067883451,1000000000,79.0,3,3,1000000000,0,100.0
79,80067883451,81067883451,1000000000,79.0,4,4,1000000000,0,100.0
80,81067883451,82067883451,1000000000,80.0,0,0,1000000000,0,100.0
80,81067883451,82067883451,1000000000,80.0,1,1,1000000000,0,100.0
80,81067883451,82067883451,1000000000,80.0,2,2,1000000000,0,100.0
80,81067883451,82067883451,1000000000,80.0,3,3,1000000000,0,100.0
80,81067883451,82067883451,1000000000,80.0,4,4,1000000000,0,100.0
81,82067883451,83067883451,1000000000,81.0,0,0,1000000000,0,100.0
81,82067883451,83067883451,1000000000,81.0,1,1,1000000000,0,100.0
81,82067883451,83067883451,1000000000,81.0,2,2,1000000000,0,100.0
81,82067883451,83067883451,1000000000,81.0,3,3,1000000000,0,100.0
81,82067883451,83067883451,1000000000,81.0,4,4,1000000000,0,100.0
82,83067883451,84067883451,1000000000,82.0,0,0,1000000000,0,100.0
82,83067883451,84067883451,1000000000,82.0,1,1,1000000000,0,100.0
82,83067883451,84067883451,1000000000,82.0,2,2,1000000000,0,100.0
82,83067883451,84067883451,1000000000,82.0,3,3,1000000000,0,100.0
82,83067883451,84067883451,1000000000,82.0,4,4,1000000000,0,100.0
83,84067883451,85067883451,1000000000,83.0,0,0,1000000000,0,100.0
83,84067883451,85067883451,1000000000,83.0,1,1,1000000000,0,100.0
83,84067883451,85067883451,1000000000,83.0,2,2,1000000000,0,100.0
83,84067883451,85067883451,1000000000,83.0,3,3,1000000000,0,100.0
83,84067883451,85067883451,1000000000,83.0,4,4,1000000000,0,100.0
84,85067883451,86067883451,1000000000,84.0,0,0,1000000000,0,100.0
84,85067883451,86067883451,1000000000,84.0,1,1,1000000000,0,100.0
84,85067883451,86067883451,1000000000,84.0,2,2,1000000000,0,100.0
84,85067883451,86067883451,1000000000,84.0,3,3,1000000000,0,100.0
84,85067883451,86067883451,1000000000,84.0,4,4,1000000000,0,100.0
85,86067883451,87067883451,1000000000,85.0,0,0,1000000000,0,100.0
85,86067883451,87067883451,1000000000,85.0,1,1,1000000000,0,100.0
85,86067883451,87067883451,1000000000,85.0,2,2,1000000000,0,100.0
85,86067883451,87067883451,1000000000,85.0,3,3,1000000000,0,100.0
85,86067883451,87067883451,1000000000,85.0,4,4,1000000000,0,100.0
86,87067883451,88067883451,1000000000,86.0,0,0,1000000000,0,100.0
86,87067883451,88067883451,1000000000,86.0,1,1,1000000000,0,100.0
86,87067883451,88067883451,1000000000,86.0,2,2,1000000000,0,100.0
86,87067883451,88067883451,1000000000,86.0,3,3,1000000000,0,100.0
86,87067883451,88067883451,1000000000,86.0,4,4,1000000000,0,100.0
87,88067883451,89067883451,1000000000,87.0,0,0,1000000000,0,100.0
87,88067883451,89067883451,1000000000,87.0,1,1,1000000000,0,100.0
87,88067883451,89067883451,1000000000,87.0,2,2,1000000000,0,100.0
87,88067883451,89067883451,1000000000,87.0,3,3,1000000000,0,100.0
87,88067883451,89067883451,1000000000,87.0,4,4,1000000000,0,100.0
88,89067883451,90067883451,1000000000,88.0,0,0,1000000000,0,100.0
88,89067883451,90067883451,1000000000,88.0,1,1,1000000000,0,100.0
88,89067883451,90067883451,1000000000,88.0,2,2,1000000000,0,100.0
88,89067883451,90067883451,1000000000,88.0,3,3,1000000000,0,100.0
88,89067883451,90067883451,1000000000,88.0,4,4,1000000000,0,100.0
89,90067883451,91067883451,1000000000,89.0,0,0,1000000000,0,100.0
89,90067883451,91067883451,1000000000,89.0,1,1,1000000000,0,100.0
89,90067883451,91067883451,1000000000,89.0,2,2,1000000000,0,100.0
89,90067883451,91067883451,1000000000,89.0,3,3,1000000000,0,100.0
89,90067883451,91067883451,1000000000,89.0,4,4,1000000000,0,100.0
90,91067883451,92067883451,1000000000,90.0,0,0,1000000000,0,100.0
90,91067883451,92067883451,1000000000,90.0,1,1,1000000000,0,100.0
90,91067883451,92067883451,1000000000,90.0,2,2,1000000000,0,100.0
90,91067883451,92067883451,1000000000,90.0,3,3,1000000000,0,100.0
90,91067883451,92067883451,1000000000,90.0,4,4,1000000000,0,100.0
91,92067883451,93067883451,1000000000,91.0,0,0,1000000000,0,100.0
91,92067883451,93067883451,1000000000,91.0,1,1,1000000000,0,100.0
91,92067883451,93067883451,1000000000,91.0,2,2,1000000000,0,100.0
91,92067883451,93067883451,1000000000,91.0,3,3,1000000000,0,100.0
91,92067883451,93067883451,1000000000,91.0,4,4,1000000000,0,100.0
92,93067883451,94067883451,1000000000,92.0,0,0,1000000000,0,100.0
92,93067883451,94067883451,1000000000,92.0,1,1,1000000000,0,100.0
92,93067883451,94067883451,1000000000,92.0,2,2,1000000000,0,100.0
92,93067883451,94067883451,1000000000,92.0,3,3,1000000000,0,100.0
92,93067883451,94067883451,1000000000,92.0,4,4,1000000000,0,100.0
93,94067883451,95067883451,1000000000,93.0,0,0,1000000000,0,100.0
93,94067883451,95067883451,1000000000,93.0,1,1,1000000000,0,100.0
93,94067883451,95067883451,1000000000,93.0,2,2,1000000000,0,100.0
93,94067883451,95067883451,1000000000,93.0,3,3,1000000000,0,100.0
93,94067883451,95067883451,1000000000,93.0,4,4,1000000000,0,100.0
94,95067883451,96067883451,1000000000,94.0,0,0,1000000000,0,100.0
94,95067883451,96067883451,1000000000,94.0,1,1,1000000000,0,100.0
94,95067883451,96067883451,1000000000,94.0,2,2,1000000000,0,100.0
94,95067883451,96067883451,1000000000,94.0,3,3,1000000000,0,100.0
94,95067883451,96067883451,1000000000,94.0,4,4,1000000000,0,100.0
95,96067883451,97067883451,1000000000,95.0,0,0,1000000000,0,100.0
95,96067883451,97067883451,1000000000,95.0,1,1,1000000000,0,100.0
95,96067883451,97067883451,1000000000,95.0,2,2,1000000000,0,100.0
95,96067883451,97067883451,1000000000,95.0,3,3,1000000000,0,100.0
95,96067883451,97067883451,1000000000,95.0,4,4,1000000000,0,100.0
96,97067883451,98067883451,1000000000,96.0,0,0,1000000000,0,100.0
96,97067883451,98067883451,1000000000,96.0,1,1,1000000000,0,100.0
96,97067883451,98067883451,1000000000,96.0,2,2,1000000000,0,100.0
96,97067883451,98067883451,1000000000,96.0,3,3,1000000000,0,100.0
96,97067883451,98067883451,1000000000,96.0,4,4,1000000000,0,100.0
97,98067883451,99067883451,1000000000,97.0,0,0,1000000000,0,100.0
97,98067883451,99067883451,1000000000,97.0,1,1,1000000000,0,100.0
97,98067883451,99067883451,1000000000,97.0,2,2,1000000000,0,100.0
97,98067883451,99067883451,1000000000,97.0,3,3,1000000000,0,100.0
97,98067883451,99067883451,1000000000,97.0,4,4,1000000000,0,100.0
98,99067883451,100067883451,1000000000,98.0,0,0,1000000000,0,100.0
98,99067883451,100067883451,1000000000,98.0,1,1,1000000000,0,100.0
98,99067883451,100067883451,1000000000,98.0,2,2,1000000000,0,100.0
98,99067883451,100067883451,1000000000,98.0,3,3,1000000000,0,100.0
98,99067883451,100067883451,1000000000,98.0,4,4,1000000000,0,100.0
99,100067883451,101067883451,1000000000,99.0,0,0,181045864,818954136,18.1045864
99,100067883451,101067883451,1000000000,99.0,1,1,1000000000,0,100.0
99,100067883451,101067883451,1000000000,99.0,2,2,1000000000,0,100.0
99,100067883451,101067883451,1000000000,99.0,3,3,1000000000,0,100.0
99,100067883451,101067883451,1000000000,99.0,4,4,1000000000,0,100.0
100,101067883451,102067883451,1000000000,100.0,0,0,0,1000000000,0.0
100,101067883451,102067883451,1000000000,100.0,1,1,1000000000,0,100.0
100,101067883451,102067883451,1000000000,100.0,2,2,1000000000,0,100.0
100,101067883451,102067883451,1000000000,100.0,3,3,1000000000,0,100.0
100,101067883451,102067883451,1000000000,100.0,4,4,1000000000,0,100.0
101,102067883451,103067883451,1000000000,101.0,0,0,0,1000000000,0.0
101,102067883451,103067883451,1000000000,101.0,1,1,1000000000,0,100.0
101,102067883451,103067883451,1000000000,101.0,2,2,1000000000,0,100.0
101,102067883451,103067883451,1000000000,101.0,3,3,1000000000,0,100.0
101,102067883451,103067883451,1000000000,101.0,4,4,1000000000,0,100.0
102,103067883451,104067883451,1000000000,102.0,0,0,0,1000000000,0.0
102,103067883451,104067883451,1000000000,102.0,1,1,1000000000,0,100.0
102,103067883451,104067883451,1000000000,102.0,2,2,1000000000,0,100.0
102,103067883451,104067883451,1000000000,102.0,3,3,559014366,440985634,55.9014366
102,103067883451,104067883451,1000000000,102.0,4,4,1000000000,0,100.0
103,104067883451,105067883451,1000000000,103.0,0,0,0,1000000000,0.0
103,104067883451,105067883451,1000000000,103.0,1,1,260093679,739906321,26.0093679
103,104067883451,105067883451,1000000000,103.0,2,2,1000000000,0,100.0
103,104067883451,105067883451,1000000000,103.0,3,3,0,1000000000,0.0
103,104067883451,105067883451,1000000000,103.0,4,4,1000000000,0,100.0
104,105067883451,106067883451,1000000000,104.0,0,0,0,1000000000,0.0
104,105067883451,106067883451,1000000000,104.0,1,1,0,1000000000,0.0
104,105067883451,106067883451,1000000000,104.0,2,2,1000000000,0,100.0
104,105067883451,106067883451,1000000000,104.0,3,3,0,1000000000,0.0
104,105067883451,106067883451,1000000000,104.0,4,4,1000000000,0,100.0
105,106067883451,106364487646,296604195,105.0,0,0,0,296604195,0.0
105,106067883451,106364487646,296604195,105.0,1,1,0,296604195,0.0
105,106067883451,106364487646,296604195,105.0,2,2,296604195,0,100.0
105,106067883451,106364487646,296604195,105.0,3,3,0,296604195,0.0
105,106067883451,106364487646,296604195,105.0,4,4,223038193,73566002,75.19724830594524
