arm,tpot_ms,cdf
1: no_redirect,0.000000000,0.003333333
1: no_redirect,0.000000000,0.006666667
1: no_redirect,0.000000000,0.010000000
1: no_redirect,17.154210000,0.013333333
1: no_redirect,18.163978000,0.016666667
1: no_redirect,18.282289000,0.020000000
1: no_redirect,18.360325000,0.023333333
1: no_redirect,18.560409000,0.026666667
1: no_redirect,18.894515000,0.030000000
1: no_redirect,19.194614000,0.033333333
1: no_redirect,19.304228000,0.036666667
1: no_redirect,19.323993000,0.040000000
1: no_redirect,19.546855000,0.043333333
1: no_redirect,19.613823000,0.046666667
1: no_redirect,19.647205000,0.050000000
1: no_redirect,19.708962000,0.053333333
1: no_redirect,19.745173000,0.056666667
1: no_redirect,19.879331000,0.060000000
1: no_redirect,19.907227000,0.063333333
1: no_redirect,20.055904000,0.066666667
1: no_redirect,20.393197000,0.070000000
1: no_redirect,20.468890000,0.073333333
1: no_redirect,20.477773000,0.076666667
1: no_redirect,20.513367000,0.080000000
1: no_redirect,20.602628000,0.083333333
1: no_redirect,20.725015000,0.086666667
1: no_redirect,20.774890000,0.090000000
1: no_redirect,20.833420000,0.093333333
1: no_redirect,20.873029000,0.096666667
1: no_redirect,20.943971000,0.100000000
1: no_redirect,21.075047000,0.103333333
1: no_redirect,21.181776000,0.106666667
1: no_redirect,21.310229000,0.110000000
1: no_redirect,21.324720000,0.113333333
1: no_redirect,21.351720000,0.116666667
1: no_redirect,21.549653000,0.120000000
1: no_redirect,21.569547000,0.123333333
1: no_redirect,21.570672000,0.126666667
1: no_redirect,21.579404000,0.130000000
1: no_redirect,21.648881000,0.133333333
1: no_redirect,21.745860000,0.136666667
1: no_redirect,21.757805000,0.140000000
1: no_redirect,21.766849000,0.143333333
1: no_redirect,21.777969000,0.146666667
1: no_redirect,21.783020000,0.150000000
1: no_redirect,21.819923000,0.153333333
1: no_redirect,21.843255000,0.156666667
1: no_redirect,21.888629000,0.160000000
1: no_redirect,21.919809000,0.163333333
1: no_redirect,21.921063000,0.166666667
1: no_redirect,21.921657000,0.170000000
1: no_redirect,21.935945000,0.173333333
1: no_redirect,21.941724000,0.176666667
1: no_redirect,21.944668000,0.180000000
1: no_redirect,22.011408000,0.183333333
1: no_redirect,22.012851000,0.186666667
1: no_redirect,22.125082000,0.190000000
1: no_redirect,22.128832000,0.193333333
1: no_redirect,22.151674000,0.196666667
1: no_redirect,22.154578000,0.200000000
1: no_redirect,22.154631000,0.203333333
1: no_redirect,22.177962000,0.206666667
1: no_redirect,22.270959000,0.210000000
1: no_redirect,22.299014000,0.213333333
1: no_redirect,22.328377000,0.216666667
1: no_redirect,22.341574000,0.220000000
1: no_redirect,22.384557000,0.223333333
1: no_redirect,22.388389000,0.226666667
1: no_redirect,22.426128000,0.230000000
1: no_redirect,22.489284000,0.233333333
1: no_redirect,22.531560000,0.236666667
1: no_redirect,22.542001000,0.240000000
1: no_redirect,22.599231000,0.243333333
1: no_redirect,22.605254000,0.246666667
1: no_redirect,22.695008000,0.250000000
1: no_redirect,22.702003000,0.253333333
1: no_redirect,22.739422000,0.256666667
1: no_redirect,22.853497000,0.260000000
1: no_redirect,22.903282000,0.263333333
1: no_redirect,22.970435000,0.266666667
1: no_redirect,23.239390000,0.270000000
1: no_redirect,23.270831000,0.273333333
1: no_redirect,23.290493000,0.276666667
1: no_redirect,23.325512000,0.280000000
1: no_redirect,23.334889000,0.283333333
1: no_redirect,23.340596000,0.286666667
1: no_redirect,23.387942000,0.290000000
1: no_redirect,23.438583000,0.293333333
1: no_redirect,23.444738000,0.296666667
1: no_redirect,23.562034000,0.300000000
1: no_redirect,23.652765000,0.303333333
1: no_redirect,23.807803000,0.306666667
1: no_redirect,23.810424000,0.310000000
1: no_redirect,23.880233000,0.313333333
1: no_redirect,23.981212000,0.316666667
1: no_redirect,23.994910000,0.320000000
1: no_redirect,23.996231000,0.323333333
1: no_redirect,24.015551000,0.326666667
1: no_redirect,24.017420000,0.330000000
1: no_redirect,24.025069000,0.333333333
1: no_redirect,24.080464000,0.336666667
1: no_redirect,24.127404000,0.340000000
1: no_redirect,24.128471000,0.343333333
1: no_redirect,24.129895000,0.346666667
1: no_redirect,24.184350000,0.350000000
1: no_redirect,24.263511000,0.353333333
1: no_redirect,24.297119000,0.356666667
1: no_redirect,24.331205000,0.360000000
1: no_redirect,24.334903000,0.363333333
1: no_redirect,24.413276000,0.366666667
1: no_redirect,24.433078000,0.370000000
1: no_redirect,24.433197000,0.373333333
1: no_redirect,24.442886000,0.376666667
1: no_redirect,24.452324000,0.380000000
1: no_redirect,24.481190000,0.383333333
1: no_redirect,24.497773000,0.386666667
1: no_redirect,24.500979000,0.390000000
1: no_redirect,24.601390000,0.393333333
1: no_redirect,24.628473000,0.396666667
1: no_redirect,24.651526000,0.400000000
1: no_redirect,24.691053000,0.403333333
1: no_redirect,24.831869000,0.406666667
1: no_redirect,24.838800000,0.410000000
1: no_redirect,24.850279000,0.413333333
1: no_redirect,24.874047000,0.416666667
1: no_redirect,24.879993000,0.420000000
1: no_redirect,24.898291000,0.423333333
1: no_redirect,24.920595000,0.426666667
1: no_redirect,24.928240000,0.430000000
1: no_redirect,24.944144000,0.433333333
1: no_redirect,24.944613000,0.436666667
1: no_redirect,24.954072000,0.440000000
1: no_redirect,24.957771000,0.443333333
1: no_redirect,24.984566000,0.446666667
1: no_redirect,25.011667000,0.450000000
1: no_redirect,25.026365000,0.453333333
1: no_redirect,25.036551000,0.456666667
1: no_redirect,25.043552000,0.460000000
1: no_redirect,25.056785000,0.463333333
1: no_redirect,25.096236000,0.466666667
1: no_redirect,25.184696000,0.470000000
1: no_redirect,25.187451000,0.473333333
1: no_redirect,25.190065000,0.476666667
1: no_redirect,25.254710000,0.480000000
1: no_redirect,25.256563000,0.483333333
1: no_redirect,25.277208000,0.486666667
1: no_redirect,25.284590000,0.490000000
1: no_redirect,25.286717000,0.493333333
1: no_redirect,25.291200000,0.496666667
1: no_redirect,25.352542000,0.500000000
1: no_redirect,25.359528000,0.503333333
1: no_redirect,25.405090000,0.506666667
1: no_redirect,25.417639000,0.510000000
1: no_redirect,25.458591000,0.513333333
1: no_redirect,25.548405000,0.516666667
1: no_redirect,25.559692000,0.520000000
1: no_redirect,25.565653000,0.523333333
1: no_redirect,25.586654000,0.526666667
1: no_redirect,25.599140000,0.530000000
1: no_redirect,25.634535000,0.533333333
1: no_redirect,25.655658000,0.536666667
1: no_redirect,25.702821000,0.540000000
1: no_redirect,25.712195000,0.543333333
1: no_redirect,25.835023000,0.546666667
1: no_redirect,25.935426000,0.550000000
1: no_redirect,25.976772000,0.553333333
1: no_redirect,26.010718000,0.556666667
1: no_redirect,26.013170000,0.560000000
1: no_redirect,26.016513000,0.563333333
1: no_redirect,26.019775000,0.566666667
1: no_redirect,26.042227000,0.570000000
1: no_redirect,26.045329000,0.573333333
1: no_redirect,26.074856000,0.576666667
1: no_redirect,26.075082000,0.580000000
1: no_redirect,26.091168000,0.583333333
1: no_redirect,26.120172000,0.586666667
1: no_redirect,26.132304000,0.590000000
1: no_redirect,26.151159000,0.593333333
1: no_redirect,26.195575000,0.596666667
1: no_redirect,26.273936000,0.600000000
1: no_redirect,26.333464000,0.603333333
1: no_redirect,26.336357000,0.606666667
1: no_redirect,26.345926000,0.610000000
1: no_redirect,26.418787000,0.613333333
1: no_redirect,26.432516000,0.616666667
1: no_redirect,26.449507000,0.620000000
1: no_redirect,26.488510000,0.623333333
1: no_redirect,26.495203000,0.626666667
1: no_redirect,26.496372000,0.630000000
1: no_redirect,26.506354000,0.633333333
1: no_redirect,26.515477000,0.636666667
1: no_redirect,26.552519000,0.640000000
1: no_redirect,26.565869000,0.643333333
1: no_redirect,26.566077000,0.646666667
1: no_redirect,26.575221000,0.650000000
1: no_redirect,26.580777000,0.653333333
1: no_redirect,26.615456000,0.656666667
1: no_redirect,26.618927000,0.660000000
1: no_redirect,26.651688000,0.663333333
1: no_redirect,26.736823000,0.666666667
1: no_redirect,26.784882000,0.670000000
1: no_redirect,26.792125000,0.673333333
1: no_redirect,26.792765000,0.676666667
1: no_redirect,26.801084000,0.680000000
1: no_redirect,26.806663000,0.683333333
1: no_redirect,26.821195000,0.686666667
1: no_redirect,26.840873000,0.690000000
1: no_redirect,26.904426000,0.693333333
1: no_redirect,27.023656000,0.696666667
1: no_redirect,27.055737000,0.700000000
1: no_redirect,27.061730000,0.703333333
1: no_redirect,27.063776000,0.706666667
1: no_redirect,27.092407000,0.710000000
1: no_redirect,27.092874000,0.713333333
1: no_redirect,27.134847000,0.716666667
1: no_redirect,27.175313000,0.720000000
1: no_redirect,27.179816000,0.723333333
1: no_redirect,27.212767000,0.726666667
1: no_redirect,27.226519000,0.730000000
1: no_redirect,27.239584000,0.733333333
1: no_redirect,27.249289000,0.736666667
1: no_redirect,27.254162000,0.740000000
1: no_redirect,27.257065000,0.743333333
1: no_redirect,27.262692000,0.746666667
1: no_redirect,27.298978000,0.750000000
1: no_redirect,27.300973000,0.753333333
1: no_redirect,27.329738000,0.756666667
1: no_redirect,27.454270000,0.760000000
1: no_redirect,27.463480000,0.763333333
1: no_redirect,27.507346000,0.766666667
1: no_redirect,27.524023000,0.770000000
1: no_redirect,27.542604000,0.773333333
1: no_redirect,27.657558000,0.776666667
1: no_redirect,27.659652000,0.780000000
1: no_redirect,27.750493000,0.783333333
1: no_redirect,27.803490000,0.786666667
1: no_redirect,27.808613000,0.790000000
1: no_redirect,27.876825000,0.793333333
1: no_redirect,27.994125000,0.796666667
1: no_redirect,28.043647000,0.800000000
1: no_redirect,28.145894000,0.803333333
1: no_redirect,28.171344000,0.806666667
1: no_redirect,28.291046000,0.810000000
1: no_redirect,28.291825000,0.813333333
1: no_redirect,28.348679000,0.816666667
1: no_redirect,28.369873000,0.820000000
1: no_redirect,28.371950000,0.823333333
1: no_redirect,28.463988000,0.826666667
1: no_redirect,28.469806000,0.830000000
1: no_redirect,28.477895000,0.833333333
1: no_redirect,28.488749000,0.836666667
1: no_redirect,28.512183000,0.840000000
1: no_redirect,28.588405000,0.843333333
1: no_redirect,28.709722000,0.846666667
1: no_redirect,28.797620000,0.850000000
1: no_redirect,28.913147000,0.853333333
1: no_redirect,28.919484000,0.856666667
1: no_redirect,28.945332000,0.860000000
1: no_redirect,29.047366000,0.863333333
1: no_redirect,29.142102000,0.866666667
1: no_redirect,29.175502000,0.870000000
1: no_redirect,29.196432000,0.873333333
1: no_redirect,29.217809000,0.876666667
1: no_redirect,29.270326000,0.880000000
1: no_redirect,29.397243000,0.883333333
1: no_redirect,29.402961000,0.886666667
1: no_redirect,29.424062000,0.890000000
1: no_redirect,29.517838000,0.893333333
1: no_redirect,29.548118000,0.896666667
1: no_redirect,29.551064000,0.900000000
1: no_redirect,29.613808000,0.903333333
1: no_redirect,29.621737000,0.906666667
1: no_redirect,29.897088000,0.910000000
1: no_redirect,30.004896000,0.913333333
1: no_redirect,30.027043000,0.916666667
1: no_redirect,30.033391000,0.920000000
1: no_redirect,30.075705000,0.923333333
1: no_redirect,30.264534000,0.926666667
1: no_redirect,30.282750000,0.930000000
1: no_redirect,30.314061000,0.933333333
1: no_redirect,30.483419000,0.936666667
1: no_redirect,30.669035000,0.940000000
1: no_redirect,30.733689000,0.943333333
1: no_redirect,31.249548000,0.946666667
1: no_redirect,31.559850000,0.950000000
1: no_redirect,31.706571000,0.953333333
1: no_redirect,31.768195000,0.956666667
1: no_redirect,31.855265000,0.960000000
1: no_redirect,32.281459000,0.963333333
1: no_redirect,32.416408000,0.966666667
1: no_redirect,33.265044000,0.970000000
1: no_redirect,33.627960000,0.973333333
1: no_redirect,33.800118000,0.976666667
1: no_redirect,34.143845000,0.980000000
1: no_redirect,37.882347000,0.983333333
1: no_redirect,43.678307000,0.986666667
1: no_redirect,50.187730000,0.990000000
1: no_redirect,67.557448000,0.993333333
1: no_redirect,109.229866000,0.996666667
1: no_redirect,268.171670000,1.000000000
2: redirect_no_kv,0.000000000,0.003333333
2: redirect_no_kv,0.000000000,0.006666667
2: redirect_no_kv,0.000000000,0.010000000
2: redirect_no_kv,17.154210000,0.013333333
2: redirect_no_kv,19.194614000,0.016666667
2: redirect_no_kv,19.274024000,0.020000000
2: redirect_no_kv,19.424460000,0.023333333
2: redirect_no_kv,19.613823000,0.026666667
2: redirect_no_kv,19.647205000,0.030000000
2: redirect_no_kv,19.879331000,0.033333333
2: redirect_no_kv,20.053910000,0.036666667
2: redirect_no_kv,20.063349000,0.040000000
2: redirect_no_kv,20.129232000,0.043333333
2: redirect_no_kv,20.468890000,0.046666667
2: redirect_no_kv,20.477773000,0.050000000
2: redirect_no_kv,20.513367000,0.053333333
2: redirect_no_kv,20.637187000,0.056666667
2: redirect_no_kv,20.725015000,0.060000000
2: redirect_no_kv,20.772886000,0.063333333
2: redirect_no_kv,20.829232000,0.066666667
2: redirect_no_kv,21.013630000,0.070000000
2: redirect_no_kv,21.059329000,0.073333333
2: redirect_no_kv,21.163319000,0.076666667
2: redirect_no_kv,21.246785000,0.080000000
2: redirect_no_kv,21.307804000,0.083333333
2: redirect_no_kv,21.327280000,0.086666667
2: redirect_no_kv,21.348184000,0.090000000
2: redirect_no_kv,21.506051000,0.093333333
2: redirect_no_kv,21.600498000,0.096666667
2: redirect_no_kv,21.622241000,0.100000000
2: redirect_no_kv,21.634298000,0.103333333
2: redirect_no_kv,21.682979000,0.106666667
2: redirect_no_kv,21.690331000,0.110000000
2: redirect_no_kv,21.691154000,0.113333333
2: redirect_no_kv,21.812203000,0.116666667
2: redirect_no_kv,21.870468000,0.120000000
2: redirect_no_kv,21.904083000,0.123333333
2: redirect_no_kv,21.921657000,0.126666667
2: redirect_no_kv,21.957330000,0.130000000
2: redirect_no_kv,21.990914000,0.133333333
2: redirect_no_kv,22.000751000,0.136666667
2: redirect_no_kv,22.004330000,0.140000000
2: redirect_no_kv,22.016091000,0.143333333
2: redirect_no_kv,22.016350000,0.146666667
2: redirect_no_kv,22.046967000,0.150000000
2: redirect_no_kv,22.077470000,0.153333333
2: redirect_no_kv,22.079606000,0.156666667
2: redirect_no_kv,22.101596000,0.160000000
2: redirect_no_kv,22.176690000,0.163333333
2: redirect_no_kv,22.178808000,0.166666667
2: redirect_no_kv,22.196766000,0.170000000
2: redirect_no_kv,22.199142000,0.173333333
2: redirect_no_kv,22.242922000,0.176666667
2: redirect_no_kv,22.266440000,0.180000000
2: redirect_no_kv,22.296552000,0.183333333
2: redirect_no_kv,22.304669000,0.186666667
2: redirect_no_kv,22.306124000,0.190000000
2: redirect_no_kv,22.314746000,0.193333333
2: redirect_no_kv,22.341769000,0.196666667
2: redirect_no_kv,22.349713000,0.200000000
2: redirect_no_kv,22.363675000,0.203333333
2: redirect_no_kv,22.384535000,0.206666667
2: redirect_no_kv,22.853497000,0.210000000
2: redirect_no_kv,22.890422000,0.213333333
2: redirect_no_kv,22.999907000,0.216666667
2: redirect_no_kv,23.034902000,0.220000000
2: redirect_no_kv,23.041814000,0.223333333
2: redirect_no_kv,23.043706000,0.226666667
2: redirect_no_kv,23.325512000,0.230000000
2: redirect_no_kv,23.354938000,0.233333333
2: redirect_no_kv,23.369202000,0.236666667
2: redirect_no_kv,23.387942000,0.240000000
2: redirect_no_kv,23.450284000,0.243333333
2: redirect_no_kv,23.520111000,0.246666667
2: redirect_no_kv,23.620135000,0.250000000
2: redirect_no_kv,23.750325000,0.253333333
2: redirect_no_kv,23.763629000,0.256666667
2: redirect_no_kv,23.880233000,0.260000000
2: redirect_no_kv,23.967223000,0.263333333
2: redirect_no_kv,23.981212000,0.266666667
2: redirect_no_kv,24.028916000,0.270000000
2: redirect_no_kv,24.129895000,0.273333333
2: redirect_no_kv,24.182601000,0.276666667
2: redirect_no_kv,24.184350000,0.280000000
2: redirect_no_kv,24.216761000,0.283333333
2: redirect_no_kv,24.231825000,0.286666667
2: redirect_no_kv,24.404045000,0.290000000
2: redirect_no_kv,24.500188000,0.293333333
2: redirect_no_kv,24.511594000,0.296666667
2: redirect_no_kv,24.693873000,0.300000000
2: redirect_no_kv,24.751794000,0.303333333
2: redirect_no_kv,24.762394000,0.306666667
2: redirect_no_kv,24.813198000,0.310000000
2: redirect_no_kv,24.862510000,0.313333333
2: redirect_no_kv,24.953189000,0.316666667
2: redirect_no_kv,24.957771000,0.320000000
2: redirect_no_kv,25.001465000,0.323333333
2: redirect_no_kv,25.062247000,0.326666667
2: redirect_no_kv,25.132622000,0.330000000
2: redirect_no_kv,25.187451000,0.333333333
2: redirect_no_kv,25.188222000,0.336666667
2: redirect_no_kv,25.223332000,0.340000000
2: redirect_no_kv,25.289648000,0.343333333
2: redirect_no_kv,25.302142000,0.346666667
2: redirect_no_kv,25.394366000,0.350000000
2: redirect_no_kv,25.425729000,0.353333333
2: redirect_no_kv,25.443745000,0.356666667
2: redirect_no_kv,25.483999000,0.360000000
2: redirect_no_kv,25.548405000,0.363333333
2: redirect_no_kv,25.583603000,0.366666667
2: redirect_no_kv,25.608626000,0.370000000
2: redirect_no_kv,25.626769000,0.373333333
2: redirect_no_kv,25.747059000,0.376666667
2: redirect_no_kv,25.828125000,0.380000000
2: redirect_no_kv,25.835023000,0.383333333
2: redirect_no_kv,25.898224000,0.386666667
2: redirect_no_kv,25.909904000,0.390000000
2: redirect_no_kv,25.930132000,0.393333333
2: redirect_no_kv,25.958780000,0.396666667
2: redirect_no_kv,25.981110000,0.400000000
2: redirect_no_kv,25.996576000,0.403333333
2: redirect_no_kv,26.010920000,0.406666667
2: redirect_no_kv,26.025667000,0.410000000
2: redirect_no_kv,26.044765000,0.413333333
2: redirect_no_kv,26.066181000,0.416666667
2: redirect_no_kv,26.093394000,0.420000000
2: redirect_no_kv,26.251245000,0.423333333
2: redirect_no_kv,26.256822000,0.426666667
2: redirect_no_kv,26.269867000,0.430000000
2: redirect_no_kv,26.327226000,0.433333333
2: redirect_no_kv,26.345926000,0.436666667
2: redirect_no_kv,26.405388000,0.440000000
2: redirect_no_kv,26.410199000,0.443333333
2: redirect_no_kv,26.418787000,0.446666667
2: redirect_no_kv,26.462816000,0.450000000
2: redirect_no_kv,26.482079000,0.453333333
2: redirect_no_kv,26.487198000,0.456666667
2: redirect_no_kv,26.488510000,0.460000000
2: redirect_no_kv,26.552519000,0.463333333
2: redirect_no_kv,26.567107000,0.466666667
2: redirect_no_kv,26.587190000,0.470000000
2: redirect_no_kv,26.598267000,0.473333333
2: redirect_no_kv,26.602573000,0.476666667
2: redirect_no_kv,26.640765000,0.480000000
2: redirect_no_kv,26.646132000,0.483333333
2: redirect_no_kv,26.648673000,0.486666667
2: redirect_no_kv,26.675112000,0.490000000
2: redirect_no_kv,26.709500000,0.493333333
2: redirect_no_kv,26.839790000,0.496666667
2: redirect_no_kv,26.890101000,0.500000000
2: redirect_no_kv,27.033891000,0.503333333
2: redirect_no_kv,27.087352000,0.506666667
2: redirect_no_kv,27.110734000,0.510000000
2: redirect_no_kv,27.146320000,0.513333333
2: redirect_no_kv,27.220688000,0.516666667
2: redirect_no_kv,27.249289000,0.520000000
2: redirect_no_kv,27.257065000,0.523333333
2: redirect_no_kv,27.268781000,0.526666667
2: redirect_no_kv,27.335888000,0.530000000
2: redirect_no_kv,27.344118000,0.533333333
2: redirect_no_kv,27.358329000,0.536666667
2: redirect_no_kv,27.364180000,0.540000000
2: redirect_no_kv,27.370344000,0.543333333
2: redirect_no_kv,27.469918000,0.546666667
2: redirect_no_kv,27.485043000,0.550000000
2: redirect_no_kv,27.489448000,0.553333333
2: redirect_no_kv,27.490972000,0.556666667
2: redirect_no_kv,27.508457000,0.560000000
2: redirect_no_kv,27.530250000,0.563333333
2: redirect_no_kv,27.542327000,0.566666667
2: redirect_no_kv,27.561288000,0.570000000
2: redirect_no_kv,27.585565000,0.573333333
2: redirect_no_kv,27.691448000,0.576666667
2: redirect_no_kv,27.701490000,0.580000000
2: redirect_no_kv,27.724395000,0.583333333
2: redirect_no_kv,27.750654000,0.586666667
2: redirect_no_kv,27.768479000,0.590000000
2: redirect_no_kv,27.775133000,0.593333333
2: redirect_no_kv,27.828255000,0.596666667
2: redirect_no_kv,27.858568000,0.600000000
2: redirect_no_kv,27.892284000,0.603333333
2: redirect_no_kv,27.933720000,0.606666667
2: redirect_no_kv,27.944551000,0.610000000
2: redirect_no_kv,28.000670000,0.613333333
2: redirect_no_kv,28.145803000,0.616666667
2: redirect_no_kv,28.145894000,0.620000000
2: redirect_no_kv,28.311100000,0.623333333
2: redirect_no_kv,28.353606000,0.626666667
2: redirect_no_kv,28.371276000,0.630000000
2: redirect_no_kv,28.384396000,0.633333333
2: redirect_no_kv,28.420860000,0.636666667
2: redirect_no_kv,28.441469000,0.640000000
2: redirect_no_kv,28.452882000,0.643333333
2: redirect_no_kv,28.476212000,0.646666667
2: redirect_no_kv,28.506531000,0.650000000
2: redirect_no_kv,28.515334000,0.653333333
2: redirect_no_kv,28.541834000,0.656666667
2: redirect_no_kv,28.581412000,0.660000000
2: redirect_no_kv,28.591925000,0.663333333
2: redirect_no_kv,28.618666000,0.666666667
2: redirect_no_kv,28.678320000,0.670000000
2: redirect_no_kv,28.708660000,0.673333333
2: redirect_no_kv,28.729538000,0.676666667
2: redirect_no_kv,28.796096000,0.680000000
2: redirect_no_kv,28.853126000,0.683333333
2: redirect_no_kv,28.900128000,0.686666667
2: redirect_no_kv,28.937984000,0.690000000
2: redirect_no_kv,28.944388000,0.693333333
2: redirect_no_kv,28.987233000,0.696666667
2: redirect_no_kv,29.169942000,0.700000000
2: redirect_no_kv,29.210837000,0.703333333
2: redirect_no_kv,29.217809000,0.706666667
2: redirect_no_kv,29.245745000,0.710000000
2: redirect_no_kv,29.263539000,0.713333333
2: redirect_no_kv,29.283275000,0.716666667
2: redirect_no_kv,29.316062000,0.720000000
2: redirect_no_kv,29.405018000,0.723333333
2: redirect_no_kv,29.431648000,0.726666667
2: redirect_no_kv,29.448120000,0.730000000
2: redirect_no_kv,29.521702000,0.733333333
2: redirect_no_kv,29.594864000,0.736666667
2: redirect_no_kv,29.784995000,0.740000000
2: redirect_no_kv,29.807355000,0.743333333
2: redirect_no_kv,29.813955000,0.746666667
2: redirect_no_kv,29.841461000,0.750000000
2: redirect_no_kv,29.886860000,0.753333333
2: redirect_no_kv,29.905075000,0.756666667
2: redirect_no_kv,29.957502000,0.760000000
2: redirect_no_kv,29.973947000,0.763333333
2: redirect_no_kv,30.014411000,0.766666667
2: redirect_no_kv,30.122997000,0.770000000
2: redirect_no_kv,30.139786000,0.773333333
2: redirect_no_kv,30.185684000,0.776666667
2: redirect_no_kv,30.196810000,0.780000000
2: redirect_no_kv,30.259603000,0.783333333
2: redirect_no_kv,30.274619000,0.786666667
2: redirect_no_kv,30.300551000,0.790000000
2: redirect_no_kv,30.433652000,0.793333333
2: redirect_no_kv,30.516396000,0.796666667
2: redirect_no_kv,30.586943000,0.800000000
2: redirect_no_kv,30.606875000,0.803333333
2: redirect_no_kv,30.632389000,0.806666667
2: redirect_no_kv,30.648784000,0.810000000
2: redirect_no_kv,30.664497000,0.813333333
2: redirect_no_kv,30.733689000,0.816666667
2: redirect_no_kv,30.791596000,0.820000000
2: redirect_no_kv,30.816739000,0.823333333
2: redirect_no_kv,30.818259000,0.826666667
2: redirect_no_kv,31.025578000,0.830000000
2: redirect_no_kv,31.052499000,0.833333333
2: redirect_no_kv,31.077641000,0.836666667
2: redirect_no_kv,31.284355000,0.840000000
2: redirect_no_kv,31.490979000,0.843333333
2: redirect_no_kv,31.612004000,0.846666667
2: redirect_no_kv,31.701062000,0.850000000
2: redirect_no_kv,31.706571000,0.853333333
2: redirect_no_kv,31.721717000,0.856666667
2: redirect_no_kv,31.772315000,0.860000000
2: redirect_no_kv,31.787703000,0.863333333
2: redirect_no_kv,31.814040000,0.866666667
2: redirect_no_kv,31.857825000,0.870000000
2: redirect_no_kv,31.882073000,0.873333333
2: redirect_no_kv,31.882431000,0.876666667
2: redirect_no_kv,31.962020000,0.880000000
2: redirect_no_kv,32.314252000,0.883333333
2: redirect_no_kv,32.587065000,0.886666667
2: redirect_no_kv,32.679381000,0.890000000
2: redirect_no_kv,32.813640000,0.893333333
2: redirect_no_kv,32.838358000,0.896666667
2: redirect_no_kv,32.846637000,0.900000000
2: redirect_no_kv,33.039137000,0.903333333
2: redirect_no_kv,33.086978000,0.906666667
2: redirect_no_kv,33.403345000,0.910000000
2: redirect_no_kv,33.546456000,0.913333333
2: redirect_no_kv,33.568717000,0.916666667
2: redirect_no_kv,33.689935000,0.920000000
2: redirect_no_kv,33.800118000,0.923333333
2: redirect_no_kv,33.815152000,0.926666667
2: redirect_no_kv,33.832001000,0.930000000
2: redirect_no_kv,34.101634000,0.933333333
2: redirect_no_kv,34.524844000,0.936666667
2: redirect_no_kv,34.544145000,0.940000000
2: redirect_no_kv,34.643830000,0.943333333
2: redirect_no_kv,34.674214000,0.946666667
2: redirect_no_kv,34.754722000,0.950000000
2: redirect_no_kv,34.863450000,0.953333333
2: redirect_no_kv,34.954185000,0.956666667
2: redirect_no_kv,34.974329000,0.960000000
2: redirect_no_kv,35.236125000,0.963333333
2: redirect_no_kv,35.477106000,0.966666667
2: redirect_no_kv,37.009627000,0.970000000
2: redirect_no_kv,37.146090000,0.973333333
2: redirect_no_kv,37.516835000,0.976666667
2: redirect_no_kv,38.434986000,0.980000000
2: redirect_no_kv,40.214753000,0.983333333
2: redirect_no_kv,41.171001000,0.986666667
2: redirect_no_kv,43.678307000,0.990000000
2: redirect_no_kv,89.578945000,0.993333333
2: redirect_no_kv,109.874828000,0.996666667
2: redirect_no_kv,171.830968000,1.000000000
3: redirect_kv_pp1,0.000000000,0.003333333
3: redirect_kv_pp1,0.000000000,0.006666667
3: redirect_kv_pp1,0.000000000,0.010000000
3: redirect_kv_pp1,17.154210000,0.013333333
3: redirect_kv_pp1,18.451359000,0.016666667
3: redirect_kv_pp1,19.194614000,0.020000000
3: redirect_kv_pp1,19.332601000,0.023333333
3: redirect_kv_pp1,19.372629000,0.026666667
3: redirect_kv_pp1,19.460928000,0.030000000
3: redirect_kv_pp1,19.613823000,0.033333333
3: redirect_kv_pp1,19.879331000,0.036666667
3: redirect_kv_pp1,20.006376000,0.040000000
3: redirect_kv_pp1,20.253719000,0.043333333
3: redirect_kv_pp1,20.272088000,0.046666667
3: redirect_kv_pp1,20.423083000,0.050000000
3: redirect_kv_pp1,20.477773000,0.053333333
3: redirect_kv_pp1,20.603701000,0.056666667
3: redirect_kv_pp1,20.653111000,0.060000000
3: redirect_kv_pp1,20.695486000,0.063333333
3: redirect_kv_pp1,20.696187000,0.066666667
3: redirect_kv_pp1,20.711682000,0.070000000
3: redirect_kv_pp1,20.725015000,0.073333333
3: redirect_kv_pp1,20.860270000,0.076666667
3: redirect_kv_pp1,20.862658000,0.080000000
3: redirect_kv_pp1,21.080468000,0.083333333
3: redirect_kv_pp1,21.089838000,0.086666667
3: redirect_kv_pp1,21.135107000,0.090000000
3: redirect_kv_pp1,21.312038000,0.093333333
3: redirect_kv_pp1,21.398884000,0.096666667
3: redirect_kv_pp1,21.409525000,0.100000000
3: redirect_kv_pp1,21.430680000,0.103333333
3: redirect_kv_pp1,21.520791000,0.106666667
3: redirect_kv_pp1,21.602570000,0.110000000
3: redirect_kv_pp1,21.609953000,0.113333333
3: redirect_kv_pp1,21.624205000,0.116666667
3: redirect_kv_pp1,21.668760000,0.120000000
3: redirect_kv_pp1,21.704279000,0.123333333
3: redirect_kv_pp1,21.878034000,0.126666667
3: redirect_kv_pp1,21.898441000,0.130000000
3: redirect_kv_pp1,21.921657000,0.133333333
3: redirect_kv_pp1,21.943480000,0.136666667
3: redirect_kv_pp1,21.959351000,0.140000000
3: redirect_kv_pp1,21.977169000,0.143333333
3: redirect_kv_pp1,22.007650000,0.146666667
3: redirect_kv_pp1,22.014816000,0.150000000
3: redirect_kv_pp1,22.014845000,0.153333333
3: redirect_kv_pp1,22.086346000,0.156666667
3: redirect_kv_pp1,22.102355000,0.160000000
3: redirect_kv_pp1,22.115194000,0.163333333
3: redirect_kv_pp1,22.117674000,0.166666667
3: redirect_kv_pp1,22.129479000,0.170000000
3: redirect_kv_pp1,22.138764000,0.173333333
3: redirect_kv_pp1,22.141908000,0.176666667
3: redirect_kv_pp1,22.158873000,0.180000000
3: redirect_kv_pp1,22.179914000,0.183333333
3: redirect_kv_pp1,22.186634000,0.186666667
3: redirect_kv_pp1,22.202683000,0.190000000
3: redirect_kv_pp1,22.207046000,0.193333333
3: redirect_kv_pp1,22.207653000,0.196666667
3: redirect_kv_pp1,22.213982000,0.200000000
3: redirect_kv_pp1,22.270028000,0.203333333
3: redirect_kv_pp1,22.300584000,0.206666667
3: redirect_kv_pp1,22.302251000,0.210000000
3: redirect_kv_pp1,22.305586000,0.213333333
3: redirect_kv_pp1,22.339955000,0.216666667
3: redirect_kv_pp1,22.423558000,0.220000000
3: redirect_kv_pp1,22.488144000,0.223333333
3: redirect_kv_pp1,22.492123000,0.226666667
3: redirect_kv_pp1,22.546265000,0.230000000
3: redirect_kv_pp1,22.853497000,0.233333333
3: redirect_kv_pp1,22.948571000,0.236666667
3: redirect_kv_pp1,23.040006000,0.240000000
3: redirect_kv_pp1,23.063003000,0.243333333
3: redirect_kv_pp1,23.134328000,0.246666667
3: redirect_kv_pp1,23.209534000,0.250000000
3: redirect_kv_pp1,23.295914000,0.253333333
3: redirect_kv_pp1,23.325512000,0.256666667
3: redirect_kv_pp1,23.387942000,0.260000000
3: redirect_kv_pp1,23.395080000,0.263333333
3: redirect_kv_pp1,23.491625000,0.266666667
3: redirect_kv_pp1,23.510833000,0.270000000
3: redirect_kv_pp1,23.533432000,0.273333333
3: redirect_kv_pp1,23.539284000,0.276666667
3: redirect_kv_pp1,23.574122000,0.280000000
3: redirect_kv_pp1,23.580987000,0.283333333
3: redirect_kv_pp1,23.604982000,0.286666667
3: redirect_kv_pp1,23.658390000,0.290000000
3: redirect_kv_pp1,23.750834000,0.293333333
3: redirect_kv_pp1,23.753959000,0.296666667
3: redirect_kv_pp1,23.805908000,0.300000000
3: redirect_kv_pp1,23.809343000,0.303333333
3: redirect_kv_pp1,23.849279000,0.306666667
3: redirect_kv_pp1,23.852736000,0.310000000
3: redirect_kv_pp1,23.862698000,0.313333333
3: redirect_kv_pp1,23.870554000,0.316666667
3: redirect_kv_pp1,23.880233000,0.320000000
3: redirect_kv_pp1,23.884556000,0.323333333
3: redirect_kv_pp1,23.891921000,0.326666667
3: redirect_kv_pp1,23.905164000,0.330000000
3: redirect_kv_pp1,23.956318000,0.333333333
3: redirect_kv_pp1,24.004308000,0.336666667
3: redirect_kv_pp1,24.052180000,0.340000000
3: redirect_kv_pp1,24.129895000,0.343333333
3: redirect_kv_pp1,24.265043000,0.346666667
3: redirect_kv_pp1,24.296535000,0.350000000
3: redirect_kv_pp1,24.312199000,0.353333333
3: redirect_kv_pp1,24.343215000,0.356666667
3: redirect_kv_pp1,24.390218000,0.360000000
3: redirect_kv_pp1,24.449216000,0.363333333
3: redirect_kv_pp1,24.457600000,0.366666667
3: redirect_kv_pp1,24.512477000,0.370000000
3: redirect_kv_pp1,24.512934000,0.373333333
3: redirect_kv_pp1,24.545963000,0.376666667
3: redirect_kv_pp1,24.566768000,0.380000000
3: redirect_kv_pp1,24.622130000,0.383333333
3: redirect_kv_pp1,24.863989000,0.386666667
3: redirect_kv_pp1,24.937379000,0.390000000
3: redirect_kv_pp1,24.985208000,0.393333333
3: redirect_kv_pp1,25.027325000,0.396666667
3: redirect_kv_pp1,25.187451000,0.400000000
3: redirect_kv_pp1,25.192432000,0.403333333
3: redirect_kv_pp1,25.235910000,0.406666667
3: redirect_kv_pp1,25.281710000,0.410000000
3: redirect_kv_pp1,25.305095000,0.413333333
3: redirect_kv_pp1,25.306015000,0.416666667
3: redirect_kv_pp1,25.380965000,0.420000000
3: redirect_kv_pp1,25.441062000,0.423333333
3: redirect_kv_pp1,25.455439000,0.426666667
3: redirect_kv_pp1,25.482609000,0.430000000
3: redirect_kv_pp1,25.509690000,0.433333333
3: redirect_kv_pp1,25.541117000,0.436666667
3: redirect_kv_pp1,25.545889000,0.440000000
3: redirect_kv_pp1,25.566457000,0.443333333
3: redirect_kv_pp1,25.566650000,0.446666667
3: redirect_kv_pp1,25.576149000,0.450000000
3: redirect_kv_pp1,25.619389000,0.453333333
3: redirect_kv_pp1,25.650221000,0.456666667
3: redirect_kv_pp1,25.676680000,0.460000000
3: redirect_kv_pp1,25.734773000,0.463333333
3: redirect_kv_pp1,25.755439000,0.466666667
3: redirect_kv_pp1,25.836105000,0.470000000
3: redirect_kv_pp1,25.840207000,0.473333333
3: redirect_kv_pp1,25.842392000,0.476666667
3: redirect_kv_pp1,25.861497000,0.480000000
3: redirect_kv_pp1,25.911043000,0.483333333
3: redirect_kv_pp1,25.931452000,0.486666667
3: redirect_kv_pp1,25.934268000,0.490000000
3: redirect_kv_pp1,25.940438000,0.493333333
3: redirect_kv_pp1,25.952555000,0.496666667
3: redirect_kv_pp1,25.983009000,0.500000000
3: redirect_kv_pp1,25.994079000,0.503333333
3: redirect_kv_pp1,26.003405000,0.506666667
3: redirect_kv_pp1,26.011878000,0.510000000
3: redirect_kv_pp1,26.055140000,0.513333333
3: redirect_kv_pp1,26.060285000,0.516666667
3: redirect_kv_pp1,26.063360000,0.520000000
3: redirect_kv_pp1,26.070074000,0.523333333
3: redirect_kv_pp1,26.083658000,0.526666667
3: redirect_kv_pp1,26.118616000,0.530000000
3: redirect_kv_pp1,26.153088000,0.533333333
3: redirect_kv_pp1,26.160124000,0.536666667
3: redirect_kv_pp1,26.161670000,0.540000000
3: redirect_kv_pp1,26.168767000,0.543333333
3: redirect_kv_pp1,26.178499000,0.546666667
3: redirect_kv_pp1,26.191378000,0.550000000
3: redirect_kv_pp1,26.276462000,0.553333333
3: redirect_kv_pp1,26.284812000,0.556666667
3: redirect_kv_pp1,26.287492000,0.560000000
3: redirect_kv_pp1,26.333464000,0.563333333
3: redirect_kv_pp1,26.356395000,0.566666667
3: redirect_kv_pp1,26.393423000,0.570000000
3: redirect_kv_pp1,26.431917000,0.573333333
3: redirect_kv_pp1,26.432400000,0.576666667
3: redirect_kv_pp1,26.472109000,0.580000000
3: redirect_kv_pp1,26.518857000,0.583333333
3: redirect_kv_pp1,26.543552000,0.586666667
3: redirect_kv_pp1,26.570117000,0.590000000
3: redirect_kv_pp1,26.572212000,0.593333333
3: redirect_kv_pp1,26.596624000,0.596666667
3: redirect_kv_pp1,26.615701000,0.600000000
3: redirect_kv_pp1,26.708645000,0.603333333
3: redirect_kv_pp1,26.718253000,0.606666667
3: redirect_kv_pp1,26.760337000,0.610000000
3: redirect_kv_pp1,26.765271000,0.613333333
3: redirect_kv_pp1,26.770143000,0.616666667
3: redirect_kv_pp1,26.783134000,0.620000000
3: redirect_kv_pp1,26.799486000,0.623333333
3: redirect_kv_pp1,26.816433000,0.626666667
3: redirect_kv_pp1,26.821058000,0.630000000
3: redirect_kv_pp1,26.835587000,0.633333333
3: redirect_kv_pp1,26.847905000,0.636666667
3: redirect_kv_pp1,26.860351000,0.640000000
3: redirect_kv_pp1,26.895608000,0.643333333
3: redirect_kv_pp1,26.974018000,0.646666667
3: redirect_kv_pp1,27.002687000,0.650000000
3: redirect_kv_pp1,27.022002000,0.653333333
3: redirect_kv_pp1,27.056259000,0.656666667
3: redirect_kv_pp1,27.100610000,0.660000000
3: redirect_kv_pp1,27.123445000,0.663333333
3: redirect_kv_pp1,27.133781000,0.666666667
3: redirect_kv_pp1,27.142129000,0.670000000
3: redirect_kv_pp1,27.148908000,0.673333333
3: redirect_kv_pp1,27.172997000,0.676666667
3: redirect_kv_pp1,27.187439000,0.680000000
3: redirect_kv_pp1,27.193152000,0.683333333
3: redirect_kv_pp1,27.243502000,0.686666667
3: redirect_kv_pp1,27.288820000,0.690000000
3: redirect_kv_pp1,27.329841000,0.693333333
3: redirect_kv_pp1,27.331892000,0.696666667
3: redirect_kv_pp1,27.334725000,0.700000000
3: redirect_kv_pp1,27.352788000,0.703333333
3: redirect_kv_pp1,27.363579000,0.706666667
3: redirect_kv_pp1,27.391353000,0.710000000
3: redirect_kv_pp1,27.476645000,0.713333333
3: redirect_kv_pp1,27.478498000,0.716666667
3: redirect_kv_pp1,27.572931000,0.720000000
3: redirect_kv_pp1,27.577566000,0.723333333
3: redirect_kv_pp1,27.703252000,0.726666667
3: redirect_kv_pp1,27.712555000,0.730000000
3: redirect_kv_pp1,27.723675000,0.733333333
3: redirect_kv_pp1,27.800304000,0.736666667
3: redirect_kv_pp1,27.884683000,0.740000000
3: redirect_kv_pp1,27.912702000,0.743333333
3: redirect_kv_pp1,27.916523000,0.746666667
3: redirect_kv_pp1,27.952697000,0.750000000
3: redirect_kv_pp1,27.960613000,0.753333333
3: redirect_kv_pp1,28.001322000,0.756666667
3: redirect_kv_pp1,28.012217000,0.760000000
3: redirect_kv_pp1,28.021498000,0.763333333
3: redirect_kv_pp1,28.045872000,0.766666667
3: redirect_kv_pp1,28.111790000,0.770000000
3: redirect_kv_pp1,28.120292000,0.773333333
3: redirect_kv_pp1,28.145894000,0.776666667
3: redirect_kv_pp1,28.149115000,0.780000000
3: redirect_kv_pp1,28.192422000,0.783333333
3: redirect_kv_pp1,28.231618000,0.786666667
3: redirect_kv_pp1,28.231881000,0.790000000
3: redirect_kv_pp1,28.242925000,0.793333333
3: redirect_kv_pp1,28.366932000,0.796666667
3: redirect_kv_pp1,28.378512000,0.800000000
3: redirect_kv_pp1,28.387079000,0.803333333
3: redirect_kv_pp1,28.413549000,0.806666667
3: redirect_kv_pp1,28.432643000,0.810000000
3: redirect_kv_pp1,28.480623000,0.813333333
3: redirect_kv_pp1,28.517624000,0.816666667
3: redirect_kv_pp1,28.658929000,0.820000000
3: redirect_kv_pp1,28.752434000,0.823333333
3: redirect_kv_pp1,28.782315000,0.826666667
3: redirect_kv_pp1,28.804406000,0.830000000
3: redirect_kv_pp1,28.891542000,0.833333333
3: redirect_kv_pp1,28.917648000,0.836666667
3: redirect_kv_pp1,28.998240000,0.840000000
3: redirect_kv_pp1,29.099810000,0.843333333
3: redirect_kv_pp1,29.149543000,0.846666667
3: redirect_kv_pp1,29.217809000,0.850000000
3: redirect_kv_pp1,29.253157000,0.853333333
3: redirect_kv_pp1,29.270568000,0.856666667
3: redirect_kv_pp1,29.338088000,0.860000000
3: redirect_kv_pp1,29.346663000,0.863333333
3: redirect_kv_pp1,29.352364000,0.866666667
3: redirect_kv_pp1,29.476905000,0.870000000
3: redirect_kv_pp1,29.488477000,0.873333333
3: redirect_kv_pp1,29.510753000,0.876666667
3: redirect_kv_pp1,29.952584000,0.880000000
3: redirect_kv_pp1,30.051170000,0.883333333
3: redirect_kv_pp1,30.122997000,0.886666667
3: redirect_kv_pp1,30.191419000,0.890000000
3: redirect_kv_pp1,30.388592000,0.893333333
3: redirect_kv_pp1,30.420311000,0.896666667
3: redirect_kv_pp1,30.733689000,0.900000000
3: redirect_kv_pp1,30.751533000,0.903333333
3: redirect_kv_pp1,31.043331000,0.906666667
3: redirect_kv_pp1,31.136064000,0.910000000
3: redirect_kv_pp1,31.154032000,0.913333333
3: redirect_kv_pp1,31.454093000,0.916666667
3: redirect_kv_pp1,31.706571000,0.920000000
3: redirect_kv_pp1,32.021437000,0.923333333
3: redirect_kv_pp1,32.177457000,0.926666667
3: redirect_kv_pp1,32.433792000,0.930000000
3: redirect_kv_pp1,32.803501000,0.933333333
3: redirect_kv_pp1,32.901725000,0.936666667
3: redirect_kv_pp1,32.995573000,0.940000000
3: redirect_kv_pp1,33.303535000,0.943333333
3: redirect_kv_pp1,33.403345000,0.946666667
3: redirect_kv_pp1,33.800118000,0.950000000
3: redirect_kv_pp1,33.833417000,0.953333333
3: redirect_kv_pp1,33.868783000,0.956666667
3: redirect_kv_pp1,34.143845000,0.960000000
3: redirect_kv_pp1,34.427929000,0.963333333
3: redirect_kv_pp1,34.448160000,0.966666667
3: redirect_kv_pp1,34.625921000,0.970000000
3: redirect_kv_pp1,36.046636000,0.973333333
3: redirect_kv_pp1,36.070575000,0.976666667
3: redirect_kv_pp1,36.517853000,0.980000000
3: redirect_kv_pp1,38.465688000,0.983333333
3: redirect_kv_pp1,42.186361000,0.986666667
3: redirect_kv_pp1,43.678307000,0.990000000
3: redirect_kv_pp1,45.938945000,0.993333333
3: redirect_kv_pp1,53.281250000,0.996666667
3: redirect_kv_pp1,62.102283000,1.000000000
4: redirect_kv_pp2,0.000000000,0.003333333
4: redirect_kv_pp2,0.000000000,0.006666667
4: redirect_kv_pp2,0.000000000,0.010000000
4: redirect_kv_pp2,19.312650000,0.013333333
4: redirect_kv_pp2,20.628448000,0.016666667
4: redirect_kv_pp2,20.830583000,0.020000000
4: redirect_kv_pp2,21.006057000,0.023333333
4: redirect_kv_pp2,21.523981000,0.026666667
4: redirect_kv_pp2,22.367407000,0.030000000
4: redirect_kv_pp2,22.515884000,0.033333333
4: redirect_kv_pp2,23.060511000,0.036666667
4: redirect_kv_pp2,23.221355000,0.040000000
4: redirect_kv_pp2,23.461186000,0.043333333
4: redirect_kv_pp2,23.466606000,0.046666667
4: redirect_kv_pp2,23.727250000,0.050000000
4: redirect_kv_pp2,24.357929000,0.053333333
4: redirect_kv_pp2,24.552679000,0.056666667
4: redirect_kv_pp2,24.645619000,0.060000000
4: redirect_kv_pp2,24.689623000,0.063333333
4: redirect_kv_pp2,24.759015000,0.066666667
4: redirect_kv_pp2,24.846741000,0.070000000
4: redirect_kv_pp2,25.109750000,0.073333333
4: redirect_kv_pp2,25.111611000,0.076666667
4: redirect_kv_pp2,25.146751000,0.080000000
4: redirect_kv_pp2,25.374334000,0.083333333
4: redirect_kv_pp2,25.544643000,0.086666667
4: redirect_kv_pp2,25.758060000,0.090000000
4: redirect_kv_pp2,25.806052000,0.093333333
4: redirect_kv_pp2,25.951432000,0.096666667
4: redirect_kv_pp2,26.012460000,0.100000000
4: redirect_kv_pp2,26.023021000,0.103333333
4: redirect_kv_pp2,26.508239000,0.106666667
4: redirect_kv_pp2,26.522452000,0.110000000
4: redirect_kv_pp2,26.548388000,0.113333333
4: redirect_kv_pp2,26.704381000,0.116666667
4: redirect_kv_pp2,26.726390000,0.120000000
4: redirect_kv_pp2,26.761958000,0.123333333
4: redirect_kv_pp2,26.956547000,0.126666667
4: redirect_kv_pp2,27.129056000,0.130000000
4: redirect_kv_pp2,27.212327000,0.133333333
4: redirect_kv_pp2,27.283683000,0.136666667
4: redirect_kv_pp2,27.430572000,0.140000000
4: redirect_kv_pp2,27.443572000,0.143333333
4: redirect_kv_pp2,27.472239000,0.146666667
4: redirect_kv_pp2,27.543351000,0.150000000
4: redirect_kv_pp2,27.576182000,0.153333333
4: redirect_kv_pp2,27.666912000,0.156666667
4: redirect_kv_pp2,27.681642000,0.160000000
4: redirect_kv_pp2,27.701446000,0.163333333
4: redirect_kv_pp2,28.132920000,0.166666667
4: redirect_kv_pp2,28.153613000,0.170000000
4: redirect_kv_pp2,28.205426000,0.173333333
4: redirect_kv_pp2,28.207430000,0.176666667
4: redirect_kv_pp2,28.498897000,0.180000000
4: redirect_kv_pp2,28.533907000,0.183333333
4: redirect_kv_pp2,28.621897000,0.186666667
4: redirect_kv_pp2,28.645955000,0.190000000
4: redirect_kv_pp2,28.673208000,0.193333333
4: redirect_kv_pp2,28.781771000,0.196666667
4: redirect_kv_pp2,28.785112000,0.200000000
4: redirect_kv_pp2,28.860172000,0.203333333
4: redirect_kv_pp2,29.057056000,0.206666667
4: redirect_kv_pp2,29.204962000,0.210000000
4: redirect_kv_pp2,29.269806000,0.213333333
4: redirect_kv_pp2,29.743538000,0.216666667
4: redirect_kv_pp2,29.967752000,0.220000000
4: redirect_kv_pp2,30.093945000,0.223333333
4: redirect_kv_pp2,30.415948000,0.226666667
4: redirect_kv_pp2,30.507492000,0.230000000
4: redirect_kv_pp2,30.600941000,0.233333333
4: redirect_kv_pp2,30.631816000,0.236666667
4: redirect_kv_pp2,30.786683000,0.240000000
4: redirect_kv_pp2,31.223391000,0.243333333
4: redirect_kv_pp2,31.348505000,0.246666667
4: redirect_kv_pp2,31.479454000,0.250000000
4: redirect_kv_pp2,31.623484000,0.253333333
4: redirect_kv_pp2,31.642661000,0.256666667
4: redirect_kv_pp2,31.654042000,0.260000000
4: redirect_kv_pp2,31.968225000,0.263333333
4: redirect_kv_pp2,32.024607000,0.266666667
4: redirect_kv_pp2,32.033683000,0.270000000
4: redirect_kv_pp2,32.165680000,0.273333333
4: redirect_kv_pp2,32.284199000,0.276666667
4: redirect_kv_pp2,32.361675000,0.280000000
4: redirect_kv_pp2,32.377859000,0.283333333
4: redirect_kv_pp2,32.414948000,0.286666667
4: redirect_kv_pp2,32.443123000,0.290000000
4: redirect_kv_pp2,32.467881000,0.293333333
4: redirect_kv_pp2,32.831264000,0.296666667
4: redirect_kv_pp2,32.991013000,0.300000000
4: redirect_kv_pp2,33.113351000,0.303333333
4: redirect_kv_pp2,33.343472000,0.306666667
4: redirect_kv_pp2,33.487206000,0.310000000
4: redirect_kv_pp2,33.541286000,0.313333333
4: redirect_kv_pp2,33.546936000,0.316666667
4: redirect_kv_pp2,33.569730000,0.320000000
4: redirect_kv_pp2,33.591102000,0.323333333
4: redirect_kv_pp2,33.622682000,0.326666667
4: redirect_kv_pp2,33.671120000,0.330000000
4: redirect_kv_pp2,33.724635000,0.333333333
4: redirect_kv_pp2,33.865986000,0.336666667
4: redirect_kv_pp2,33.923950000,0.340000000
4: redirect_kv_pp2,34.267859000,0.343333333
4: redirect_kv_pp2,34.415735000,0.346666667
4: redirect_kv_pp2,34.465620000,0.350000000
4: redirect_kv_pp2,34.678258000,0.353333333
4: redirect_kv_pp2,34.688083000,0.356666667
4: redirect_kv_pp2,34.760086000,0.360000000
4: redirect_kv_pp2,34.763238000,0.363333333
4: redirect_kv_pp2,34.797140000,0.366666667
4: redirect_kv_pp2,35.068507000,0.370000000
4: redirect_kv_pp2,35.091205000,0.373333333
4: redirect_kv_pp2,35.345948000,0.376666667
4: redirect_kv_pp2,35.426911000,0.380000000
4: redirect_kv_pp2,35.474202000,0.383333333
4: redirect_kv_pp2,35.594628000,0.386666667
4: redirect_kv_pp2,35.632375000,0.390000000
4: redirect_kv_pp2,35.710228000,0.393333333
4: redirect_kv_pp2,35.764470000,0.396666667
4: redirect_kv_pp2,35.828271000,0.400000000
4: redirect_kv_pp2,35.830271000,0.403333333
4: redirect_kv_pp2,35.892514000,0.406666667
4: redirect_kv_pp2,35.963110000,0.410000000
4: redirect_kv_pp2,36.019543000,0.413333333
4: redirect_kv_pp2,36.080623000,0.416666667
4: redirect_kv_pp2,36.083355000,0.420000000
4: redirect_kv_pp2,36.227077000,0.423333333
4: redirect_kv_pp2,36.262956000,0.426666667
4: redirect_kv_pp2,36.348725000,0.430000000
4: redirect_kv_pp2,36.367712000,0.433333333
4: redirect_kv_pp2,36.401020000,0.436666667
4: redirect_kv_pp2,36.460726000,0.440000000
4: redirect_kv_pp2,36.547206000,0.443333333
4: redirect_kv_pp2,36.662024000,0.446666667
4: redirect_kv_pp2,36.691406000,0.450000000
4: redirect_kv_pp2,36.942875000,0.453333333
4: redirect_kv_pp2,37.073980000,0.456666667
4: redirect_kv_pp2,37.165483000,0.460000000
4: redirect_kv_pp2,37.395065000,0.463333333
4: redirect_kv_pp2,37.404894000,0.466666667
4: redirect_kv_pp2,37.427340000,0.470000000
4: redirect_kv_pp2,37.543133000,0.473333333
4: redirect_kv_pp2,37.581754000,0.476666667
4: redirect_kv_pp2,37.700997000,0.480000000
4: redirect_kv_pp2,37.749021000,0.483333333
4: redirect_kv_pp2,37.798776000,0.486666667
4: redirect_kv_pp2,38.000377000,0.490000000
4: redirect_kv_pp2,38.005459000,0.493333333
4: redirect_kv_pp2,38.006665000,0.496666667
4: redirect_kv_pp2,38.277863000,0.500000000
4: redirect_kv_pp2,38.659295000,0.503333333
4: redirect_kv_pp2,38.996623000,0.506666667
4: redirect_kv_pp2,39.038259000,0.510000000
4: redirect_kv_pp2,39.172417000,0.513333333
4: redirect_kv_pp2,39.196090000,0.516666667
4: redirect_kv_pp2,39.373760000,0.520000000
4: redirect_kv_pp2,39.921806000,0.523333333
4: redirect_kv_pp2,39.946172000,0.526666667
4: redirect_kv_pp2,40.110138000,0.530000000
4: redirect_kv_pp2,40.558755000,0.533333333
4: redirect_kv_pp2,40.843206000,0.536666667
4: redirect_kv_pp2,40.913884000,0.540000000
4: redirect_kv_pp2,40.943688000,0.543333333
4: redirect_kv_pp2,40.988412000,0.546666667
4: redirect_kv_pp2,41.183797000,0.550000000
4: redirect_kv_pp2,41.227596000,0.553333333
4: redirect_kv_pp2,41.364075000,0.556666667
4: redirect_kv_pp2,41.529571000,0.560000000
4: redirect_kv_pp2,41.586367000,0.563333333
4: redirect_kv_pp2,41.879541000,0.566666667
4: redirect_kv_pp2,42.211795000,0.570000000
4: redirect_kv_pp2,42.266126000,0.573333333
4: redirect_kv_pp2,42.311337000,0.576666667
4: redirect_kv_pp2,42.656644000,0.580000000
4: redirect_kv_pp2,42.748831000,0.583333333
4: redirect_kv_pp2,42.854244000,0.586666667
4: redirect_kv_pp2,42.895140000,0.590000000
4: redirect_kv_pp2,42.896754000,0.593333333
4: redirect_kv_pp2,42.946388000,0.596666667
4: redirect_kv_pp2,43.034148000,0.600000000
4: redirect_kv_pp2,43.073541000,0.603333333
4: redirect_kv_pp2,43.114875000,0.606666667
4: redirect_kv_pp2,43.209832000,0.610000000
4: redirect_kv_pp2,43.262360000,0.613333333
4: redirect_kv_pp2,43.268123000,0.616666667
4: redirect_kv_pp2,43.340171000,0.620000000
4: redirect_kv_pp2,43.677759000,0.623333333
4: redirect_kv_pp2,43.730564000,0.626666667
4: redirect_kv_pp2,44.000809000,0.630000000
4: redirect_kv_pp2,44.019443000,0.633333333
4: redirect_kv_pp2,44.185574000,0.636666667
4: redirect_kv_pp2,44.205578000,0.640000000
4: redirect_kv_pp2,44.224201000,0.643333333
4: redirect_kv_pp2,44.501194000,0.646666667
4: redirect_kv_pp2,44.505713000,0.650000000
4: redirect_kv_pp2,44.527574000,0.653333333
4: redirect_kv_pp2,44.667992000,0.656666667
4: redirect_kv_pp2,44.863131000,0.660000000
4: redirect_kv_pp2,44.964463000,0.663333333
4: redirect_kv_pp2,45.057216000,0.666666667
4: redirect_kv_pp2,45.129808000,0.670000000
4: redirect_kv_pp2,45.544793000,0.673333333
4: redirect_kv_pp2,45.555161000,0.676666667
4: redirect_kv_pp2,45.941539000,0.680000000
4: redirect_kv_pp2,45.945410000,0.683333333
4: redirect_kv_pp2,45.953284000,0.686666667
4: redirect_kv_pp2,46.282999000,0.690000000
4: redirect_kv_pp2,46.377766000,0.693333333
4: redirect_kv_pp2,46.530464000,0.696666667
4: redirect_kv_pp2,46.606299000,0.700000000
4: redirect_kv_pp2,46.630625000,0.703333333
4: redirect_kv_pp2,46.845527000,0.706666667
4: redirect_kv_pp2,46.867088000,0.710000000
4: redirect_kv_pp2,46.955106000,0.713333333
4: redirect_kv_pp2,47.193755000,0.716666667
4: redirect_kv_pp2,47.398430000,0.720000000
4: redirect_kv_pp2,48.149350000,0.723333333
4: redirect_kv_pp2,48.168502000,0.726666667
4: redirect_kv_pp2,48.376098000,0.730000000
4: redirect_kv_pp2,48.872068000,0.733333333
4: redirect_kv_pp2,48.999021000,0.736666667
4: redirect_kv_pp2,49.153736000,0.740000000
4: redirect_kv_pp2,49.215345000,0.743333333
4: redirect_kv_pp2,49.230709000,0.746666667
4: redirect_kv_pp2,49.446302000,0.750000000
4: redirect_kv_pp2,49.598561000,0.753333333
4: redirect_kv_pp2,50.045078000,0.756666667
4: redirect_kv_pp2,50.318868000,0.760000000
4: redirect_kv_pp2,50.488621000,0.763333333
4: redirect_kv_pp2,50.491979000,0.766666667
4: redirect_kv_pp2,50.584256000,0.770000000
4: redirect_kv_pp2,50.768445000,0.773333333
4: redirect_kv_pp2,50.769071000,0.776666667
4: redirect_kv_pp2,51.381765000,0.780000000
4: redirect_kv_pp2,51.399224000,0.783333333
4: redirect_kv_pp2,51.454396000,0.786666667
4: redirect_kv_pp2,52.154802000,0.790000000
4: redirect_kv_pp2,52.448502000,0.793333333
4: redirect_kv_pp2,52.449612000,0.796666667
4: redirect_kv_pp2,52.459482000,0.800000000
4: redirect_kv_pp2,52.546417000,0.803333333
4: redirect_kv_pp2,52.557806000,0.806666667
4: redirect_kv_pp2,52.994555000,0.810000000
4: redirect_kv_pp2,53.098696000,0.813333333
4: redirect_kv_pp2,53.108353000,0.816666667
4: redirect_kv_pp2,53.118650000,0.820000000
4: redirect_kv_pp2,53.175604000,0.823333333
4: redirect_kv_pp2,53.433041000,0.826666667
4: redirect_kv_pp2,54.212163000,0.830000000
4: redirect_kv_pp2,54.243597000,0.833333333
4: redirect_kv_pp2,54.728638000,0.836666667
4: redirect_kv_pp2,55.017603000,0.840000000
4: redirect_kv_pp2,55.131056000,0.843333333
4: redirect_kv_pp2,55.196887000,0.846666667
4: redirect_kv_pp2,55.300101000,0.850000000
4: redirect_kv_pp2,55.515454000,0.853333333
4: redirect_kv_pp2,55.525886000,0.856666667
4: redirect_kv_pp2,55.709111000,0.860000000
4: redirect_kv_pp2,56.217905000,0.863333333
4: redirect_kv_pp2,56.410018000,0.866666667
4: redirect_kv_pp2,56.589013000,0.870000000
4: redirect_kv_pp2,56.960904000,0.873333333
4: redirect_kv_pp2,57.054813000,0.876666667
4: redirect_kv_pp2,57.683043000,0.880000000
4: redirect_kv_pp2,57.740508000,0.883333333
4: redirect_kv_pp2,57.750983000,0.886666667
4: redirect_kv_pp2,57.865308000,0.890000000
4: redirect_kv_pp2,58.621472000,0.893333333
4: redirect_kv_pp2,58.623123000,0.896666667
4: redirect_kv_pp2,58.695249000,0.900000000
4: redirect_kv_pp2,60.539531000,0.903333333
4: redirect_kv_pp2,60.870253000,0.906666667
4: redirect_kv_pp2,61.520552000,0.910000000
4: redirect_kv_pp2,61.558667000,0.913333333
4: redirect_kv_pp2,61.764536000,0.916666667
4: redirect_kv_pp2,62.052906000,0.920000000
4: redirect_kv_pp2,62.843742000,0.923333333
4: redirect_kv_pp2,63.635723000,0.926666667
4: redirect_kv_pp2,63.698424000,0.930000000
4: redirect_kv_pp2,64.337732000,0.933333333
4: redirect_kv_pp2,64.720027000,0.936666667
4: redirect_kv_pp2,64.900250000,0.940000000
4: redirect_kv_pp2,65.555420000,0.943333333
4: redirect_kv_pp2,69.043197000,0.946666667
4: redirect_kv_pp2,69.095977000,0.950000000
4: redirect_kv_pp2,72.121877000,0.953333333
4: redirect_kv_pp2,74.432735000,0.956666667
4: redirect_kv_pp2,74.982211000,0.960000000
4: redirect_kv_pp2,79.449866000,0.963333333
4: redirect_kv_pp2,81.405045000,0.966666667
4: redirect_kv_pp2,85.003171000,0.970000000
4: redirect_kv_pp2,85.802630000,0.973333333
4: redirect_kv_pp2,93.562082000,0.976666667
4: redirect_kv_pp2,94.142536000,0.980000000
4: redirect_kv_pp2,99.086461000,0.983333333
4: redirect_kv_pp2,110.852924000,0.986666667
4: redirect_kv_pp2,111.117393000,0.990000000
4: redirect_kv_pp2,131.850297000,0.993333333
4: redirect_kv_pp2,201.101586000,0.996666667
4: redirect_kv_pp2,287.188697000,1.000000000
