arm,ttft_ms,cdf
1: no_redirect,40.049748000,0.003333333
1: no_redirect,48.234997000,0.006666667
1: no_redirect,53.504941000,0.010000000
1: no_redirect,61.261648000,0.013333333
1: no_redirect,78.617755000,0.016666667
1: no_redirect,154.976761000,0.020000000
1: no_redirect,171.726922000,0.023333333
1: no_redirect,180.097468000,0.026666667
1: no_redirect,180.823740000,0.030000000
1: no_redirect,183.198366000,0.033333333
1: no_redirect,183.347245000,0.036666667
1: no_redirect,184.255859000,0.040000000
1: no_redirect,184.694905000,0.043333333
1: no_redirect,188.399446000,0.046666667
1: no_redirect,188.627964000,0.050000000
1: no_redirect,192.157359000,0.053333333
1: no_redirect,194.148688000,0.056666667
1: no_redirect,194.289136000,0.060000000
1: no_redirect,194.585661000,0.063333333
1: no_redirect,195.906054000,0.066666667
1: no_redirect,201.114579000,0.070000000
1: no_redirect,201.309726000,0.073333333
1: no_redirect,201.873250000,0.076666667
1: no_redirect,202.139390000,0.080000000
1: no_redirect,202.215714000,0.083333333
1: no_redirect,202.411275000,0.086666667
1: no_redirect,202.905211000,0.090000000
1: no_redirect,204.728908000,0.093333333
1: no_redirect,205.220743000,0.096666667
1: no_redirect,206.011040000,0.100000000
1: no_redirect,206.739664000,0.103333333
1: no_redirect,207.749267000,0.106666667
1: no_redirect,208.703124000,0.110000000
1: no_redirect,209.032929000,0.113333333
1: no_redirect,209.337582000,0.116666667
1: no_redirect,209.395261000,0.120000000
1: no_redirect,210.612954000,0.123333333
1: no_redirect,212.398742000,0.126666667
1: no_redirect,213.705934000,0.130000000
1: no_redirect,214.541528000,0.133333333
1: no_redirect,215.079031000,0.136666667
1: no_redirect,215.971433000,0.140000000
1: no_redirect,217.876694000,0.143333333
1: no_redirect,218.300879000,0.146666667
1: no_redirect,218.636503000,0.150000000
1: no_redirect,219.752347000,0.153333333
1: no_redirect,220.376201000,0.156666667
1: no_redirect,220.723341000,0.160000000
1: no_redirect,222.435201000,0.163333333
1: no_redirect,223.501990000,0.166666667
1: no_redirect,223.506820000,0.170000000
1: no_redirect,223.737897000,0.173333333
1: no_redirect,224.293077000,0.176666667
1: no_redirect,225.386757000,0.180000000
1: no_redirect,225.465966000,0.183333333
1: no_redirect,227.001368000,0.186666667
1: no_redirect,227.932311000,0.190000000
1: no_redirect,229.090187000,0.193333333
1: no_redirect,229.496083000,0.196666667
1: no_redirect,230.497158000,0.200000000
1: no_redirect,230.909496000,0.203333333
1: no_redirect,231.013045000,0.206666667
1: no_redirect,231.065857000,0.210000000
1: no_redirect,231.497397000,0.213333333
1: no_redirect,232.102772000,0.216666667
1: no_redirect,232.377414000,0.220000000
1: no_redirect,234.525701000,0.223333333
1: no_redirect,237.050079000,0.226666667
1: no_redirect,237.792352000,0.230000000
1: no_redirect,240.484797000,0.233333333
1: no_redirect,248.625925000,0.236666667
1: no_redirect,250.175435000,0.240000000
1: no_redirect,253.378544000,0.243333333
1: no_redirect,253.893806000,0.246666667
1: no_redirect,257.556451000,0.250000000
1: no_redirect,259.348379000,0.253333333
1: no_redirect,260.965043000,0.256666667
1: no_redirect,263.402822000,0.260000000
1: no_redirect,264.764940000,0.263333333
1: no_redirect,265.269238000,0.266666667
1: no_redirect,265.299300000,0.270000000
1: no_redirect,265.579911000,0.273333333
1: no_redirect,268.680948000,0.276666667
1: no_redirect,272.793773000,0.280000000
1: no_redirect,274.671498000,0.283333333
1: no_redirect,275.034463000,0.286666667
1: no_redirect,277.323705000,0.290000000
1: no_redirect,282.005126000,0.293333333
1: no_redirect,286.551548000,0.296666667
1: no_redirect,294.780003000,0.300000000
1: no_redirect,296.834763000,0.303333333
1: no_redirect,297.472507000,0.306666667
1: no_redirect,303.347236000,0.310000000
1: no_redirect,303.634998000,0.313333333
1: no_redirect,309.160687000,0.316666667
1: no_redirect,312.917377000,0.320000000
1: no_redirect,315.497312000,0.323333333
1: no_redirect,317.142958000,0.326666667
1: no_redirect,319.697262000,0.330000000
1: no_redirect,320.810650000,0.333333333
1: no_redirect,329.951367000,0.336666667
1: no_redirect,330.494115000,0.340000000
1: no_redirect,331.328772000,0.343333333
1: no_redirect,333.884102000,0.346666667
1: no_redirect,336.567508000,0.350000000
1: no_redirect,338.537270000,0.353333333
1: no_redirect,341.564115000,0.356666667
1: no_redirect,342.445989000,0.360000000
1: no_redirect,342.876333000,0.363333333
1: no_redirect,348.902469000,0.366666667
1: no_redirect,350.028508000,0.370000000
1: no_redirect,350.326838000,0.373333333
1: no_redirect,352.628696000,0.376666667
1: no_redirect,355.896150000,0.380000000
1: no_redirect,359.574895000,0.383333333
1: no_redirect,366.396162000,0.386666667
1: no_redirect,366.877485000,0.390000000
1: no_redirect,368.643345000,0.393333333
1: no_redirect,370.937445000,0.396666667
1: no_redirect,372.449733000,0.400000000
1: no_redirect,375.452250000,0.403333333
1: no_redirect,376.340007000,0.406666667
1: no_redirect,376.744936000,0.410000000
1: no_redirect,383.781006000,0.413333333
1: no_redirect,383.995072000,0.416666667
1: no_redirect,395.293639000,0.420000000
1: no_redirect,399.126011000,0.423333333
1: no_redirect,409.482439000,0.426666667
1: no_redirect,411.148122000,0.430000000
1: no_redirect,412.407163000,0.433333333
1: no_redirect,414.175603000,0.436666667
1: no_redirect,423.307834000,0.440000000
1: no_redirect,423.837211000,0.443333333
1: no_redirect,435.716918000,0.446666667
1: no_redirect,437.244985000,0.450000000
1: no_redirect,437.933177000,0.453333333
1: no_redirect,454.095921000,0.456666667
1: no_redirect,460.689784000,0.460000000
1: no_redirect,461.991785000,0.463333333
1: no_redirect,463.737164000,0.466666667
1: no_redirect,465.207503000,0.470000000
1: no_redirect,498.614441000,0.473333333
1: no_redirect,515.222565000,0.476666667
1: no_redirect,516.870998000,0.480000000
1: no_redirect,527.686985000,0.483333333
1: no_redirect,528.056980000,0.486666667
1: no_redirect,528.673312000,0.490000000
1: no_redirect,530.770078000,0.493333333
1: no_redirect,531.616105000,0.496666667
1: no_redirect,533.139962000,0.500000000
1: no_redirect,535.616066000,0.503333333
1: no_redirect,536.348795000,0.506666667
1: no_redirect,539.078346000,0.510000000
1: no_redirect,543.292093000,0.513333333
1: no_redirect,545.300065000,0.516666667
1: no_redirect,546.314693000,0.520000000
1: no_redirect,546.417435000,0.523333333
1: no_redirect,547.722546000,0.526666667
1: no_redirect,549.205752000,0.530000000
1: no_redirect,549.990997000,0.533333333
1: no_redirect,550.930928000,0.536666667
1: no_redirect,556.300785000,0.540000000
1: no_redirect,558.472552000,0.543333333
1: no_redirect,561.351507000,0.546666667
1: no_redirect,563.191518000,0.550000000
1: no_redirect,564.452134000,0.553333333
1: no_redirect,570.352347000,0.556666667
1: no_redirect,570.365370000,0.560000000
1: no_redirect,586.736485000,0.563333333
1: no_redirect,587.026328000,0.566666667
1: no_redirect,589.454708000,0.570000000
1: no_redirect,590.334653000,0.573333333
1: no_redirect,593.840389000,0.576666667
1: no_redirect,594.031622000,0.580000000
1: no_redirect,595.957975000,0.583333333
1: no_redirect,598.813609000,0.586666667
1: no_redirect,602.755387000,0.590000000
1: no_redirect,607.171525000,0.593333333
1: no_redirect,610.404041000,0.596666667
1: no_redirect,611.118554000,0.600000000
1: no_redirect,611.205614000,0.603333333
1: no_redirect,611.221778000,0.606666667
1: no_redirect,616.218213000,0.610000000
1: no_redirect,617.786544000,0.613333333
1: no_redirect,619.994043000,0.616666667
1: no_redirect,626.890346000,0.620000000
1: no_redirect,632.319703000,0.623333333
1: no_redirect,632.612185000,0.626666667
1: no_redirect,636.346844000,0.630000000
1: no_redirect,638.130159000,0.633333333
1: no_redirect,652.904959000,0.636666667
1: no_redirect,654.641408000,0.640000000
1: no_redirect,655.944277000,0.643333333
1: no_redirect,658.011116000,0.646666667
1: no_redirect,659.592326000,0.650000000
1: no_redirect,669.347524000,0.653333333
1: no_redirect,673.407285000,0.656666667
1: no_redirect,684.310235000,0.660000000
1: no_redirect,686.425698000,0.663333333
1: no_redirect,687.281141000,0.666666667
1: no_redirect,700.179138000,0.670000000
1: no_redirect,706.753340000,0.673333333
1: no_redirect,714.522018000,0.676666667
1: no_redirect,720.365143000,0.680000000
1: no_redirect,720.454670000,0.683333333
1: no_redirect,731.858374000,0.686666667
1: no_redirect,738.778857000,0.690000000
1: no_redirect,743.897259000,0.693333333
1: no_redirect,744.850565000,0.696666667
1: no_redirect,765.218047000,0.700000000
1: no_redirect,765.384171000,0.703333333
1: no_redirect,767.565828000,0.706666667
1: no_redirect,767.759457000,0.710000000
1: no_redirect,768.086650000,0.713333333
1: no_redirect,772.633759000,0.716666667
1: no_redirect,775.027757000,0.720000000
1: no_redirect,809.336451000,0.723333333
1: no_redirect,819.523334000,0.726666667
1: no_redirect,820.455565000,0.730000000
1: no_redirect,821.188467000,0.733333333
1: no_redirect,836.585113000,0.736666667
1: no_redirect,846.847181000,0.740000000
1: no_redirect,869.164204000,0.743333333
1: no_redirect,876.072030000,0.746666667
1: no_redirect,876.625800000,0.750000000
1: no_redirect,878.112695000,0.753333333
1: no_redirect,885.006778000,0.756666667
1: no_redirect,900.880290000,0.760000000
1: no_redirect,906.673891000,0.763333333
1: no_redirect,909.661502000,0.766666667
1: no_redirect,966.159476000,0.770000000
1: no_redirect,995.532606000,0.773333333
1: no_redirect,1001.147471000,0.776666667
1: no_redirect,1057.974964000,0.780000000
1: no_redirect,1072.290105000,0.783333333
1: no_redirect,1088.109855000,0.786666667
1: no_redirect,1113.855313000,0.790000000
1: no_redirect,1121.738609000,0.793333333
1: no_redirect,1127.166415000,0.796666667
1: no_redirect,1162.986873000,0.800000000
1: no_redirect,1180.364560000,0.803333333
1: no_redirect,1190.530394000,0.806666667
1: no_redirect,1195.283943000,0.810000000
1: no_redirect,1200.824085000,0.813333333
1: no_redirect,1204.399767000,0.816666667
1: no_redirect,1231.890346000,0.820000000
1: no_redirect,1237.951286000,0.823333333
1: no_redirect,1253.191294000,0.826666667
1: no_redirect,1262.610046000,0.830000000
1: no_redirect,1272.795935000,0.833333333
1: no_redirect,1281.471997000,0.836666667
1: no_redirect,1291.032380000,0.840000000
1: no_redirect,1291.409943000,0.843333333
1: no_redirect,1313.785504000,0.846666667
1: no_redirect,1381.694453000,0.850000000
1: no_redirect,1410.742591000,0.853333333
1: no_redirect,1435.173689000,0.856666667
1: no_redirect,1605.080707000,0.860000000
1: no_redirect,1780.965717000,0.863333333
1: no_redirect,1910.796958000,0.866666667
1: no_redirect,2236.254537000,0.870000000
1: no_redirect,2477.612146000,0.873333333
1: no_redirect,2486.057178000,0.876666667
1: no_redirect,2541.287187000,0.880000000
1: no_redirect,2588.313754000,0.883333333
1: no_redirect,2616.929976000,0.886666667
1: no_redirect,2782.111875000,0.890000000
1: no_redirect,2929.393349000,0.893333333
1: no_redirect,2999.838257000,0.896666667
1: no_redirect,3124.679492000,0.900000000
1: no_redirect,3191.820060000,0.903333333
1: no_redirect,3229.631788000,0.906666667
1: no_redirect,3255.204340000,0.910000000
1: no_redirect,3413.795297000,0.913333333
1: no_redirect,3532.887910000,0.916666667
1: no_redirect,4111.597362000,0.920000000
1: no_redirect,4113.001980000,0.923333333
1: no_redirect,4222.937958000,0.926666667
1: no_redirect,4445.704257000,0.930000000
1: no_redirect,4555.641194000,0.933333333
1: no_redirect,4701.261606000,0.936666667
1: no_redirect,4870.639132000,0.940000000
1: no_redirect,5285.114727000,0.943333333
1: no_redirect,5653.055232000,0.946666667
1: no_redirect,5686.182725000,0.950000000
1: no_redirect,5765.182187000,0.953333333
1: no_redirect,5997.375775000,0.956666667
1: no_redirect,6035.582798000,0.960000000
1: no_redirect,6117.640483000,0.963333333
1: no_redirect,6697.520695000,0.966666667
1: no_redirect,6825.582815000,0.970000000
1: no_redirect,6981.583678000,0.973333333
1: no_redirect,6988.219529000,0.976666667
1: no_redirect,7329.930343000,0.980000000
1: no_redirect,8011.237709000,0.983333333
1: no_redirect,8086.348561000,0.986666667
1: no_redirect,8962.403353000,0.990000000
1: no_redirect,9377.833122000,0.993333333
1: no_redirect,10307.658991000,0.996666667
1: no_redirect,11465.432449000,1.000000000
2: redirect_no_kv,40.049748000,0.003333333
2: redirect_no_kv,61.261648000,0.006666667
2: redirect_no_kv,78.617755000,0.010000000
2: redirect_no_kv,154.976761000,0.013333333
2: redirect_no_kv,171.726922000,0.016666667
2: redirect_no_kv,180.097468000,0.020000000
2: redirect_no_kv,180.823740000,0.023333333
2: redirect_no_kv,183.198366000,0.026666667
2: redirect_no_kv,183.347245000,0.030000000
2: redirect_no_kv,184.255859000,0.033333333
2: redirect_no_kv,184.694905000,0.036666667
2: redirect_no_kv,188.399446000,0.040000000
2: redirect_no_kv,188.627964000,0.043333333
2: redirect_no_kv,192.157359000,0.046666667
2: redirect_no_kv,193.011418000,0.050000000
2: redirect_no_kv,194.148688000,0.053333333
2: redirect_no_kv,194.289136000,0.056666667
2: redirect_no_kv,194.585661000,0.060000000
2: redirect_no_kv,195.906054000,0.063333333
2: redirect_no_kv,201.114579000,0.066666667
2: redirect_no_kv,201.309726000,0.070000000
2: redirect_no_kv,201.873250000,0.073333333
2: redirect_no_kv,202.139390000,0.076666667
2: redirect_no_kv,202.215714000,0.080000000
2: redirect_no_kv,202.411275000,0.083333333
2: redirect_no_kv,202.905211000,0.086666667
2: redirect_no_kv,204.728908000,0.090000000
2: redirect_no_kv,205.220743000,0.093333333
2: redirect_no_kv,206.739664000,0.096666667
2: redirect_no_kv,209.337582000,0.100000000
2: redirect_no_kv,212.398742000,0.103333333
2: redirect_no_kv,213.705934000,0.106666667
2: redirect_no_kv,214.541528000,0.110000000
2: redirect_no_kv,215.079031000,0.113333333
2: redirect_no_kv,215.971433000,0.116666667
2: redirect_no_kv,216.722762000,0.120000000
2: redirect_no_kv,217.876694000,0.123333333
2: redirect_no_kv,218.300879000,0.126666667
2: redirect_no_kv,218.636503000,0.130000000
2: redirect_no_kv,219.752347000,0.133333333
2: redirect_no_kv,220.376201000,0.136666667
2: redirect_no_kv,222.435201000,0.140000000
2: redirect_no_kv,223.501990000,0.143333333
2: redirect_no_kv,223.506820000,0.146666667
2: redirect_no_kv,225.386757000,0.150000000
2: redirect_no_kv,225.465966000,0.153333333
2: redirect_no_kv,229.090187000,0.156666667
2: redirect_no_kv,229.496083000,0.160000000
2: redirect_no_kv,230.909496000,0.163333333
2: redirect_no_kv,231.013045000,0.166666667
2: redirect_no_kv,231.065857000,0.170000000
2: redirect_no_kv,231.497397000,0.173333333
2: redirect_no_kv,232.102772000,0.176666667
2: redirect_no_kv,234.525701000,0.180000000
2: redirect_no_kv,237.050079000,0.183333333
2: redirect_no_kv,237.792352000,0.186666667
2: redirect_no_kv,240.484797000,0.190000000
2: redirect_no_kv,248.625925000,0.193333333
2: redirect_no_kv,250.175435000,0.196666667
2: redirect_no_kv,253.378544000,0.200000000
2: redirect_no_kv,253.893806000,0.203333333
2: redirect_no_kv,257.556451000,0.206666667
2: redirect_no_kv,259.348379000,0.210000000
2: redirect_no_kv,260.965043000,0.213333333
2: redirect_no_kv,265.269238000,0.216666667
2: redirect_no_kv,265.579911000,0.220000000
2: redirect_no_kv,272.793773000,0.223333333
2: redirect_no_kv,274.671498000,0.226666667
2: redirect_no_kv,277.323705000,0.230000000
2: redirect_no_kv,282.005126000,0.233333333
2: redirect_no_kv,290.000935000,0.236666667
2: redirect_no_kv,296.834763000,0.240000000
2: redirect_no_kv,297.472507000,0.243333333
2: redirect_no_kv,301.686367000,0.246666667
2: redirect_no_kv,303.634998000,0.250000000
2: redirect_no_kv,309.160687000,0.253333333
2: redirect_no_kv,312.917377000,0.256666667
2: redirect_no_kv,313.616803000,0.260000000
2: redirect_no_kv,315.497312000,0.263333333
2: redirect_no_kv,319.697262000,0.266666667
2: redirect_no_kv,319.721082000,0.270000000
2: redirect_no_kv,320.810650000,0.273333333
2: redirect_no_kv,329.951367000,0.276666667
2: redirect_no_kv,330.494115000,0.280000000
2: redirect_no_kv,338.537270000,0.283333333
2: redirect_no_kv,341.564115000,0.286666667
2: redirect_no_kv,342.445989000,0.290000000
2: redirect_no_kv,342.876333000,0.293333333
2: redirect_no_kv,347.061216000,0.296666667
2: redirect_no_kv,348.902469000,0.300000000
2: redirect_no_kv,350.028508000,0.303333333
2: redirect_no_kv,350.326838000,0.306666667
2: redirect_no_kv,351.031369000,0.310000000
2: redirect_no_kv,352.628696000,0.313333333
2: redirect_no_kv,355.896150000,0.316666667
2: redirect_no_kv,366.396162000,0.320000000
2: redirect_no_kv,366.877485000,0.323333333
2: redirect_no_kv,368.643345000,0.326666667
2: redirect_no_kv,370.937445000,0.330000000
2: redirect_no_kv,372.449733000,0.333333333
2: redirect_no_kv,375.452250000,0.336666667
2: redirect_no_kv,376.340007000,0.340000000
2: redirect_no_kv,383.322286000,0.343333333
2: redirect_no_kv,383.995072000,0.346666667
2: redirect_no_kv,411.148122000,0.350000000
2: redirect_no_kv,412.407163000,0.353333333
2: redirect_no_kv,414.175603000,0.356666667
2: redirect_no_kv,417.553052000,0.360000000
2: redirect_no_kv,423.307834000,0.363333333
2: redirect_no_kv,423.837211000,0.366666667
2: redirect_no_kv,443.894038000,0.370000000
2: redirect_no_kv,446.173096000,0.373333333
2: redirect_no_kv,455.525679000,0.376666667
2: redirect_no_kv,460.689784000,0.380000000
2: redirect_no_kv,476.905375000,0.383333333
2: redirect_no_kv,495.516729000,0.386666667
2: redirect_no_kv,503.145524000,0.390000000
2: redirect_no_kv,510.618314000,0.393333333
2: redirect_no_kv,510.733911000,0.396666667
2: redirect_no_kv,515.222565000,0.400000000
2: redirect_no_kv,516.870940000,0.403333333
2: redirect_no_kv,516.870998000,0.406666667
2: redirect_no_kv,527.686985000,0.410000000
2: redirect_no_kv,528.056980000,0.413333333
2: redirect_no_kv,530.770078000,0.416666667
2: redirect_no_kv,531.616105000,0.420000000
2: redirect_no_kv,533.139962000,0.423333333
2: redirect_no_kv,536.348795000,0.426666667
2: redirect_no_kv,543.292093000,0.430000000
2: redirect_no_kv,545.300065000,0.433333333
2: redirect_no_kv,546.314693000,0.436666667
2: redirect_no_kv,546.417435000,0.440000000
2: redirect_no_kv,546.990449000,0.443333333
2: redirect_no_kv,548.820714000,0.446666667
2: redirect_no_kv,549.685066000,0.450000000
2: redirect_no_kv,549.990997000,0.453333333
2: redirect_no_kv,555.258404000,0.456666667
2: redirect_no_kv,556.300785000,0.460000000
2: redirect_no_kv,559.238499000,0.463333333
2: redirect_no_kv,561.351507000,0.466666667
2: redirect_no_kv,563.191518000,0.470000000
2: redirect_no_kv,563.728548000,0.473333333
2: redirect_no_kv,570.365370000,0.476666667
2: redirect_no_kv,586.736485000,0.480000000
2: redirect_no_kv,587.026328000,0.483333333
2: redirect_no_kv,589.454708000,0.486666667
2: redirect_no_kv,590.334653000,0.490000000
2: redirect_no_kv,594.031622000,0.493333333
2: redirect_no_kv,595.957975000,0.496666667
2: redirect_no_kv,598.813609000,0.500000000
2: redirect_no_kv,602.755387000,0.503333333
2: redirect_no_kv,607.171525000,0.506666667
2: redirect_no_kv,610.404041000,0.510000000
2: redirect_no_kv,611.205614000,0.513333333
2: redirect_no_kv,611.221778000,0.516666667
2: redirect_no_kv,616.218213000,0.520000000
2: redirect_no_kv,617.786544000,0.523333333
2: redirect_no_kv,619.383388000,0.526666667
2: redirect_no_kv,626.890346000,0.530000000
2: redirect_no_kv,632.319703000,0.533333333
2: redirect_no_kv,632.612185000,0.536666667
2: redirect_no_kv,638.130159000,0.540000000
2: redirect_no_kv,652.904959000,0.543333333
2: redirect_no_kv,654.641408000,0.546666667
2: redirect_no_kv,655.944277000,0.550000000
2: redirect_no_kv,658.011116000,0.553333333
2: redirect_no_kv,673.407285000,0.556666667
2: redirect_no_kv,684.310235000,0.560000000
2: redirect_no_kv,686.332437000,0.563333333
2: redirect_no_kv,686.425698000,0.566666667
2: redirect_no_kv,700.179138000,0.570000000
2: redirect_no_kv,706.753340000,0.573333333
2: redirect_no_kv,714.522018000,0.576666667
2: redirect_no_kv,720.365143000,0.580000000
2: redirect_no_kv,720.454670000,0.583333333
2: redirect_no_kv,725.661832000,0.586666667
2: redirect_no_kv,731.858374000,0.590000000
2: redirect_no_kv,736.938387000,0.593333333
2: redirect_no_kv,738.980141000,0.596666667
2: redirect_no_kv,740.410617000,0.600000000
2: redirect_no_kv,743.897259000,0.603333333
2: redirect_no_kv,744.850565000,0.606666667
2: redirect_no_kv,747.538415000,0.610000000
2: redirect_no_kv,747.766197000,0.613333333
2: redirect_no_kv,765.384171000,0.616666667
2: redirect_no_kv,767.565828000,0.620000000
2: redirect_no_kv,768.086650000,0.623333333
2: redirect_no_kv,770.094521000,0.626666667
2: redirect_no_kv,772.633759000,0.630000000
2: redirect_no_kv,775.027757000,0.633333333
2: redirect_no_kv,787.774614000,0.636666667
2: redirect_no_kv,792.178417000,0.640000000
2: redirect_no_kv,801.330317000,0.643333333
2: redirect_no_kv,807.477232000,0.646666667
2: redirect_no_kv,819.523334000,0.650000000
2: redirect_no_kv,820.455565000,0.653333333
2: redirect_no_kv,821.188467000,0.656666667
2: redirect_no_kv,830.536385000,0.660000000
2: redirect_no_kv,836.585113000,0.663333333
2: redirect_no_kv,846.847181000,0.666666667
2: redirect_no_kv,850.750333000,0.670000000
2: redirect_no_kv,866.432287000,0.673333333
2: redirect_no_kv,869.255136000,0.676666667
2: redirect_no_kv,869.931313000,0.680000000
2: redirect_no_kv,876.072030000,0.683333333
2: redirect_no_kv,885.006778000,0.686666667
2: redirect_no_kv,892.976939000,0.690000000
2: redirect_no_kv,898.399454000,0.693333333
2: redirect_no_kv,900.880290000,0.696666667
2: redirect_no_kv,909.987871000,0.700000000
2: redirect_no_kv,918.504501000,0.703333333
2: redirect_no_kv,932.338835000,0.706666667
2: redirect_no_kv,933.162475000,0.710000000
2: redirect_no_kv,937.777383000,0.713333333
2: redirect_no_kv,940.141164000,0.716666667
2: redirect_no_kv,954.015813000,0.720000000
2: redirect_no_kv,957.315406000,0.723333333
2: redirect_no_kv,966.159476000,0.726666667
2: redirect_no_kv,968.862489000,0.730000000
2: redirect_no_kv,984.908603000,0.733333333
2: redirect_no_kv,985.713432000,0.736666667
2: redirect_no_kv,993.456105000,0.740000000
2: redirect_no_kv,995.532606000,0.743333333
2: redirect_no_kv,999.535846000,0.746666667
2: redirect_no_kv,1001.147471000,0.750000000
2: redirect_no_kv,1009.577315000,0.753333333
2: redirect_no_kv,1016.828625000,0.756666667
2: redirect_no_kv,1023.652556000,0.760000000
2: redirect_no_kv,1038.825203000,0.763333333
2: redirect_no_kv,1041.266821000,0.766666667
2: redirect_no_kv,1057.974964000,0.770000000
2: redirect_no_kv,1066.604037000,0.773333333
2: redirect_no_kv,1084.521123000,0.776666667
2: redirect_no_kv,1101.992079000,0.780000000
2: redirect_no_kv,1113.441460000,0.783333333
2: redirect_no_kv,1113.855313000,0.786666667
2: redirect_no_kv,1121.738609000,0.790000000
2: redirect_no_kv,1180.364560000,0.793333333
2: redirect_no_kv,1189.696204000,0.796666667
2: redirect_no_kv,1190.530394000,0.800000000
2: redirect_no_kv,1191.378137000,0.803333333
2: redirect_no_kv,1200.824085000,0.806666667
2: redirect_no_kv,1204.399767000,0.810000000
2: redirect_no_kv,1211.433607000,0.813333333
2: redirect_no_kv,1216.938462000,0.816666667
2: redirect_no_kv,1221.752859000,0.820000000
2: redirect_no_kv,1231.890346000,0.823333333
2: redirect_no_kv,1260.847155000,0.826666667
2: redirect_no_kv,1283.563179000,0.830000000
2: redirect_no_kv,1291.032380000,0.833333333
2: redirect_no_kv,1291.409943000,0.836666667
2: redirect_no_kv,1305.192220000,0.840000000
2: redirect_no_kv,1320.860129000,0.843333333
2: redirect_no_kv,1328.949621000,0.846666667
2: redirect_no_kv,1333.811656000,0.850000000
2: redirect_no_kv,1346.145202000,0.853333333
2: redirect_no_kv,1410.742591000,0.856666667
2: redirect_no_kv,1508.179475000,0.860000000
2: redirect_no_kv,1516.783947000,0.863333333
2: redirect_no_kv,1730.545390000,0.866666667
2: redirect_no_kv,1760.370129000,0.870000000
2: redirect_no_kv,1833.816905000,0.873333333
2: redirect_no_kv,1898.062197000,0.876666667
2: redirect_no_kv,1907.744156000,0.880000000
2: redirect_no_kv,1993.293575000,0.883333333
2: redirect_no_kv,2029.763201000,0.886666667
2: redirect_no_kv,2059.313559000,0.890000000
2: redirect_no_kv,2067.614967000,0.893333333
2: redirect_no_kv,2132.352061000,0.896666667
2: redirect_no_kv,2243.068346000,0.900000000
2: redirect_no_kv,2276.334932000,0.903333333
2: redirect_no_kv,2279.013982000,0.906666667
2: redirect_no_kv,2362.896548000,0.910000000
2: redirect_no_kv,2407.094070000,0.913333333
2: redirect_no_kv,2511.833334000,0.916666667
2: redirect_no_kv,2894.675648000,0.920000000
2: redirect_no_kv,3113.460837000,0.923333333
2: redirect_no_kv,3130.920758000,0.926666667
2: redirect_no_kv,3141.062221000,0.930000000
2: redirect_no_kv,3204.778532000,0.933333333
2: redirect_no_kv,3289.765658000,0.936666667
2: redirect_no_kv,3299.963835000,0.940000000
2: redirect_no_kv,3575.534866000,0.943333333
2: redirect_no_kv,3583.167120000,0.946666667
2: redirect_no_kv,3593.003208000,0.950000000
2: redirect_no_kv,3632.913166000,0.953333333
2: redirect_no_kv,3669.998864000,0.956666667
2: redirect_no_kv,3711.649860000,0.960000000
2: redirect_no_kv,3848.448686000,0.963333333
2: redirect_no_kv,3863.362057000,0.966666667
2: redirect_no_kv,4318.184577000,0.970000000
2: redirect_no_kv,4504.465929000,0.973333333
2: redirect_no_kv,4786.598152000,0.976666667
2: redirect_no_kv,5041.995838000,0.980000000
2: redirect_no_kv,6349.416837000,0.983333333
2: redirect_no_kv,6413.450495000,0.986666667
2: redirect_no_kv,6509.429447000,0.990000000
2: redirect_no_kv,6594.689659000,0.993333333
2: redirect_no_kv,7098.955549000,0.996666667
2: redirect_no_kv,7265.103493000,1.000000000
3: redirect_kv_nopp,40.049748000,0.003333333
3: redirect_kv_nopp,53.504941000,0.006666667
3: redirect_kv_nopp,61.261648000,0.010000000
3: redirect_kv_nopp,78.617755000,0.013333333
3: redirect_kv_nopp,154.976761000,0.016666667
3: redirect_kv_nopp,171.726922000,0.020000000
3: redirect_kv_nopp,180.097468000,0.023333333
3: redirect_kv_nopp,180.823740000,0.026666667
3: redirect_kv_nopp,183.198366000,0.030000000
3: redirect_kv_nopp,183.347245000,0.033333333
3: redirect_kv_nopp,184.255859000,0.036666667
3: redirect_kv_nopp,184.694905000,0.040000000
3: redirect_kv_nopp,188.399446000,0.043333333
3: redirect_kv_nopp,188.627964000,0.046666667
3: redirect_kv_nopp,193.011418000,0.050000000
3: redirect_kv_nopp,194.148688000,0.053333333
3: redirect_kv_nopp,194.289136000,0.056666667
3: redirect_kv_nopp,194.585661000,0.060000000
3: redirect_kv_nopp,195.906054000,0.063333333
3: redirect_kv_nopp,200.404779000,0.066666667
3: redirect_kv_nopp,201.114579000,0.070000000
3: redirect_kv_nopp,201.873250000,0.073333333
3: redirect_kv_nopp,202.139390000,0.076666667
3: redirect_kv_nopp,202.215714000,0.080000000
3: redirect_kv_nopp,202.411275000,0.083333333
3: redirect_kv_nopp,202.905211000,0.086666667
3: redirect_kv_nopp,204.728908000,0.090000000
3: redirect_kv_nopp,205.220743000,0.093333333
3: redirect_kv_nopp,206.739664000,0.096666667
3: redirect_kv_nopp,207.749267000,0.100000000
3: redirect_kv_nopp,209.337582000,0.103333333
3: redirect_kv_nopp,209.395261000,0.106666667
3: redirect_kv_nopp,213.705934000,0.110000000
3: redirect_kv_nopp,214.541528000,0.113333333
3: redirect_kv_nopp,215.079031000,0.116666667
3: redirect_kv_nopp,215.971433000,0.120000000
3: redirect_kv_nopp,216.722762000,0.123333333
3: redirect_kv_nopp,217.876694000,0.126666667
3: redirect_kv_nopp,218.300879000,0.130000000
3: redirect_kv_nopp,218.636503000,0.133333333
3: redirect_kv_nopp,219.752347000,0.136666667
3: redirect_kv_nopp,222.435201000,0.140000000
3: redirect_kv_nopp,223.501990000,0.143333333
3: redirect_kv_nopp,223.506820000,0.146666667
3: redirect_kv_nopp,223.737897000,0.150000000
3: redirect_kv_nopp,224.293077000,0.153333333
3: redirect_kv_nopp,225.386757000,0.156666667
3: redirect_kv_nopp,225.465966000,0.160000000
3: redirect_kv_nopp,229.090187000,0.163333333
3: redirect_kv_nopp,229.496083000,0.166666667
3: redirect_kv_nopp,230.497158000,0.170000000
3: redirect_kv_nopp,230.909496000,0.173333333
3: redirect_kv_nopp,231.013045000,0.176666667
3: redirect_kv_nopp,231.065857000,0.180000000
3: redirect_kv_nopp,231.497397000,0.183333333
3: redirect_kv_nopp,232.102772000,0.186666667
3: redirect_kv_nopp,232.377414000,0.190000000
3: redirect_kv_nopp,234.525701000,0.193333333
3: redirect_kv_nopp,235.765032000,0.196666667
3: redirect_kv_nopp,237.050079000,0.200000000
3: redirect_kv_nopp,237.792352000,0.203333333
3: redirect_kv_nopp,240.484797000,0.206666667
3: redirect_kv_nopp,248.625925000,0.210000000
3: redirect_kv_nopp,250.175435000,0.213333333
3: redirect_kv_nopp,253.378544000,0.216666667
3: redirect_kv_nopp,253.893806000,0.220000000
3: redirect_kv_nopp,257.556451000,0.223333333
3: redirect_kv_nopp,260.965043000,0.226666667
3: redirect_kv_nopp,265.269238000,0.230000000
3: redirect_kv_nopp,265.299300000,0.233333333
3: redirect_kv_nopp,265.579911000,0.236666667
3: redirect_kv_nopp,271.701660000,0.240000000
3: redirect_kv_nopp,272.793773000,0.243333333
3: redirect_kv_nopp,274.671498000,0.246666667
3: redirect_kv_nopp,277.323705000,0.250000000
3: redirect_kv_nopp,296.834763000,0.253333333
3: redirect_kv_nopp,297.472507000,0.256666667
3: redirect_kv_nopp,309.160687000,0.260000000
3: redirect_kv_nopp,312.917377000,0.263333333
3: redirect_kv_nopp,315.497312000,0.266666667
3: redirect_kv_nopp,317.142958000,0.270000000
3: redirect_kv_nopp,319.697262000,0.273333333
3: redirect_kv_nopp,320.810650000,0.276666667
3: redirect_kv_nopp,329.951367000,0.280000000
3: redirect_kv_nopp,330.494115000,0.283333333
3: redirect_kv_nopp,337.206555000,0.286666667
3: redirect_kv_nopp,338.537270000,0.290000000
3: redirect_kv_nopp,341.564115000,0.293333333
3: redirect_kv_nopp,342.445989000,0.296666667
3: redirect_kv_nopp,342.876333000,0.300000000
3: redirect_kv_nopp,348.902469000,0.303333333
3: redirect_kv_nopp,350.028508000,0.306666667
3: redirect_kv_nopp,350.326838000,0.310000000
3: redirect_kv_nopp,352.628696000,0.313333333
3: redirect_kv_nopp,355.896150000,0.316666667
3: redirect_kv_nopp,366.396162000,0.320000000
3: redirect_kv_nopp,368.643345000,0.323333333
3: redirect_kv_nopp,370.343232000,0.326666667
3: redirect_kv_nopp,370.937445000,0.330000000
3: redirect_kv_nopp,372.449733000,0.333333333
3: redirect_kv_nopp,375.452250000,0.336666667
3: redirect_kv_nopp,376.340007000,0.340000000
3: redirect_kv_nopp,378.210638000,0.343333333
3: redirect_kv_nopp,378.281963000,0.346666667
3: redirect_kv_nopp,383.781006000,0.350000000
3: redirect_kv_nopp,383.995072000,0.353333333
3: redirect_kv_nopp,389.232949000,0.356666667
3: redirect_kv_nopp,395.003270000,0.360000000
3: redirect_kv_nopp,399.126011000,0.363333333
3: redirect_kv_nopp,409.482439000,0.366666667
3: redirect_kv_nopp,411.148122000,0.370000000
3: redirect_kv_nopp,412.407163000,0.373333333
3: redirect_kv_nopp,412.713337000,0.376666667
3: redirect_kv_nopp,414.175603000,0.380000000
3: redirect_kv_nopp,423.307834000,0.383333333
3: redirect_kv_nopp,423.837211000,0.386666667
3: redirect_kv_nopp,444.706874000,0.390000000
3: redirect_kv_nopp,451.358748000,0.393333333
3: redirect_kv_nopp,455.773410000,0.396666667
3: redirect_kv_nopp,457.659538000,0.400000000
3: redirect_kv_nopp,458.818191000,0.403333333
3: redirect_kv_nopp,460.689784000,0.406666667
3: redirect_kv_nopp,463.737164000,0.410000000
3: redirect_kv_nopp,473.396003000,0.413333333
3: redirect_kv_nopp,503.191989000,0.416666667
3: redirect_kv_nopp,515.222565000,0.420000000
3: redirect_kv_nopp,516.870998000,0.423333333
3: redirect_kv_nopp,528.056980000,0.426666667
3: redirect_kv_nopp,530.770078000,0.430000000
3: redirect_kv_nopp,531.610453000,0.433333333
3: redirect_kv_nopp,533.139962000,0.436666667
3: redirect_kv_nopp,533.438535000,0.440000000
3: redirect_kv_nopp,535.616066000,0.443333333
3: redirect_kv_nopp,536.348795000,0.446666667
3: redirect_kv_nopp,539.078346000,0.450000000
3: redirect_kv_nopp,543.292093000,0.453333333
3: redirect_kv_nopp,545.300065000,0.456666667
3: redirect_kv_nopp,546.314693000,0.460000000
3: redirect_kv_nopp,546.417435000,0.463333333
3: redirect_kv_nopp,549.990997000,0.466666667
3: redirect_kv_nopp,553.732888000,0.470000000
3: redirect_kv_nopp,556.300785000,0.473333333
3: redirect_kv_nopp,567.570358000,0.476666667
3: redirect_kv_nopp,570.365370000,0.480000000
3: redirect_kv_nopp,574.777705000,0.483333333
3: redirect_kv_nopp,586.736485000,0.486666667
3: redirect_kv_nopp,589.454708000,0.490000000
3: redirect_kv_nopp,590.334653000,0.493333333
3: redirect_kv_nopp,593.750640000,0.496666667
3: redirect_kv_nopp,593.840389000,0.500000000
3: redirect_kv_nopp,594.031622000,0.503333333
3: redirect_kv_nopp,595.957975000,0.506666667
3: redirect_kv_nopp,601.394987000,0.510000000
3: redirect_kv_nopp,602.755387000,0.513333333
3: redirect_kv_nopp,605.088652000,0.516666667
3: redirect_kv_nopp,607.171525000,0.520000000
3: redirect_kv_nopp,610.404041000,0.523333333
3: redirect_kv_nopp,611.205614000,0.526666667
3: redirect_kv_nopp,611.221778000,0.530000000
3: redirect_kv_nopp,611.713409000,0.533333333
3: redirect_kv_nopp,616.218213000,0.536666667
3: redirect_kv_nopp,626.890346000,0.540000000
3: redirect_kv_nopp,632.319703000,0.543333333
3: redirect_kv_nopp,632.612185000,0.546666667
3: redirect_kv_nopp,635.908670000,0.550000000
3: redirect_kv_nopp,637.941554000,0.553333333
3: redirect_kv_nopp,638.130159000,0.556666667
3: redirect_kv_nopp,652.904959000,0.560000000
3: redirect_kv_nopp,654.641408000,0.563333333
3: redirect_kv_nopp,655.944277000,0.566666667
3: redirect_kv_nopp,657.462395000,0.570000000
3: redirect_kv_nopp,658.011116000,0.573333333
3: redirect_kv_nopp,673.407285000,0.576666667
3: redirect_kv_nopp,677.776901000,0.580000000
3: redirect_kv_nopp,684.310235000,0.583333333
3: redirect_kv_nopp,686.425698000,0.586666667
3: redirect_kv_nopp,692.838246000,0.590000000
3: redirect_kv_nopp,705.320698000,0.593333333
3: redirect_kv_nopp,706.753340000,0.596666667
3: redirect_kv_nopp,714.522018000,0.600000000
3: redirect_kv_nopp,720.365143000,0.603333333
3: redirect_kv_nopp,720.454670000,0.606666667
3: redirect_kv_nopp,730.835126000,0.610000000
3: redirect_kv_nopp,731.858374000,0.613333333
3: redirect_kv_nopp,744.850565000,0.616666667
3: redirect_kv_nopp,750.114626000,0.620000000
3: redirect_kv_nopp,752.967902000,0.623333333
3: redirect_kv_nopp,759.555560000,0.626666667
3: redirect_kv_nopp,765.384171000,0.630000000
3: redirect_kv_nopp,765.493194000,0.633333333
3: redirect_kv_nopp,767.565828000,0.636666667
3: redirect_kv_nopp,768.086650000,0.640000000
3: redirect_kv_nopp,772.633759000,0.643333333
3: redirect_kv_nopp,782.440618000,0.646666667
3: redirect_kv_nopp,790.800940000,0.650000000
3: redirect_kv_nopp,795.043299000,0.653333333
3: redirect_kv_nopp,804.155500000,0.656666667
3: redirect_kv_nopp,806.691008000,0.660000000
3: redirect_kv_nopp,813.390321000,0.663333333
3: redirect_kv_nopp,820.455565000,0.666666667
3: redirect_kv_nopp,821.188467000,0.670000000
3: redirect_kv_nopp,836.585113000,0.673333333
3: redirect_kv_nopp,843.063117000,0.676666667
3: redirect_kv_nopp,845.773686000,0.680000000
3: redirect_kv_nopp,845.990673000,0.683333333
3: redirect_kv_nopp,846.847181000,0.686666667
3: redirect_kv_nopp,866.781205000,0.690000000
3: redirect_kv_nopp,876.072030000,0.693333333
3: redirect_kv_nopp,877.646156000,0.696666667
3: redirect_kv_nopp,885.006778000,0.700000000
3: redirect_kv_nopp,894.237653000,0.703333333
3: redirect_kv_nopp,895.407226000,0.706666667
3: redirect_kv_nopp,900.880290000,0.710000000
3: redirect_kv_nopp,910.372278000,0.713333333
3: redirect_kv_nopp,914.554066000,0.716666667
3: redirect_kv_nopp,927.115906000,0.720000000
3: redirect_kv_nopp,942.443507000,0.723333333
3: redirect_kv_nopp,963.181224000,0.726666667
3: redirect_kv_nopp,964.481363000,0.730000000
3: redirect_kv_nopp,966.679376000,0.733333333
3: redirect_kv_nopp,982.428224000,0.736666667
3: redirect_kv_nopp,995.532606000,0.740000000
3: redirect_kv_nopp,996.359079000,0.743333333
3: redirect_kv_nopp,1001.147471000,0.746666667
3: redirect_kv_nopp,1032.562189000,0.750000000
3: redirect_kv_nopp,1051.628776000,0.753333333
3: redirect_kv_nopp,1057.974964000,0.756666667
3: redirect_kv_nopp,1067.674497000,0.760000000
3: redirect_kv_nopp,1088.577248000,0.763333333
3: redirect_kv_nopp,1113.224896000,0.766666667
3: redirect_kv_nopp,1121.738609000,0.770000000
3: redirect_kv_nopp,1145.444165000,0.773333333
3: redirect_kv_nopp,1155.694475000,0.776666667
3: redirect_kv_nopp,1163.792355000,0.780000000
3: redirect_kv_nopp,1177.781084000,0.783333333
3: redirect_kv_nopp,1180.364560000,0.786666667
3: redirect_kv_nopp,1190.530394000,0.790000000
3: redirect_kv_nopp,1193.622701000,0.793333333
3: redirect_kv_nopp,1200.824085000,0.796666667
3: redirect_kv_nopp,1204.399767000,0.800000000
3: redirect_kv_nopp,1231.703383000,0.803333333
3: redirect_kv_nopp,1231.890346000,0.806666667
3: redirect_kv_nopp,1233.167447000,0.810000000
3: redirect_kv_nopp,1237.700304000,0.813333333
3: redirect_kv_nopp,1247.692258000,0.816666667
3: redirect_kv_nopp,1291.032380000,0.820000000
3: redirect_kv_nopp,1291.409943000,0.823333333
3: redirect_kv_nopp,1314.498243000,0.826666667
3: redirect_kv_nopp,1315.917729000,0.830000000
3: redirect_kv_nopp,1321.704459000,0.833333333
3: redirect_kv_nopp,1324.700753000,0.836666667
3: redirect_kv_nopp,1366.221292000,0.840000000
3: redirect_kv_nopp,1410.742591000,0.843333333
3: redirect_kv_nopp,1411.272131000,0.846666667
3: redirect_kv_nopp,1434.778364000,0.850000000
3: redirect_kv_nopp,1477.326792000,0.853333333
3: redirect_kv_nopp,1494.257355000,0.856666667
3: redirect_kv_nopp,1513.977318000,0.860000000
3: redirect_kv_nopp,1537.118524000,0.863333333
3: redirect_kv_nopp,1540.825416000,0.866666667
3: redirect_kv_nopp,1630.789718000,0.870000000
3: redirect_kv_nopp,1660.029298000,0.873333333
3: redirect_kv_nopp,1713.414439000,0.876666667
3: redirect_kv_nopp,1748.470827000,0.880000000
3: redirect_kv_nopp,1752.024668000,0.883333333
3: redirect_kv_nopp,1764.056216000,0.886666667
3: redirect_kv_nopp,1774.715084000,0.890000000
3: redirect_kv_nopp,1830.544097000,0.893333333
3: redirect_kv_nopp,1840.663680000,0.896666667
3: redirect_kv_nopp,1847.728566000,0.900000000
3: redirect_kv_nopp,1867.571534000,0.903333333
3: redirect_kv_nopp,1871.650772000,0.906666667
3: redirect_kv_nopp,1880.112570000,0.910000000
3: redirect_kv_nopp,1885.965767000,0.913333333
3: redirect_kv_nopp,1911.862062000,0.916666667
3: redirect_kv_nopp,1969.553979000,0.920000000
3: redirect_kv_nopp,1976.903256000,0.923333333
3: redirect_kv_nopp,2133.754715000,0.926666667
3: redirect_kv_nopp,2222.373682000,0.930000000
3: redirect_kv_nopp,2237.242281000,0.933333333
3: redirect_kv_nopp,2253.764114000,0.936666667
3: redirect_kv_nopp,2253.858679000,0.940000000
3: redirect_kv_nopp,2289.153337000,0.943333333
3: redirect_kv_nopp,2319.920371000,0.946666667
3: redirect_kv_nopp,2334.306986000,0.950000000
3: redirect_kv_nopp,2343.868386000,0.953333333
3: redirect_kv_nopp,2357.621666000,0.956666667
3: redirect_kv_nopp,2445.763802000,0.960000000
3: redirect_kv_nopp,2480.644356000,0.963333333
3: redirect_kv_nopp,2515.225400000,0.966666667
3: redirect_kv_nopp,2520.872268000,0.970000000
3: redirect_kv_nopp,2522.594107000,0.973333333
3: redirect_kv_nopp,2756.146631000,0.976666667
3: redirect_kv_nopp,2789.604753000,0.980000000
3: redirect_kv_nopp,2825.663593000,0.983333333
3: redirect_kv_nopp,2974.195059000,0.986666667
3: redirect_kv_nopp,2975.771740000,0.990000000
3: redirect_kv_nopp,3130.671401000,0.993333333
3: redirect_kv_nopp,3509.424130000,0.996666667
3: redirect_kv_nopp,3758.842317000,1.000000000
4: redirect_kv_pp2,58.712651000,0.003333333
4: redirect_kv_pp2,78.378626000,0.006666667
4: redirect_kv_pp2,120.505017000,0.010000000
4: redirect_kv_pp2,172.464561000,0.013333333
4: redirect_kv_pp2,175.449977000,0.016666667
4: redirect_kv_pp2,185.476413000,0.020000000
4: redirect_kv_pp2,186.061136000,0.023333333
4: redirect_kv_pp2,188.027507000,0.026666667
4: redirect_kv_pp2,189.332855000,0.030000000
4: redirect_kv_pp2,189.755658000,0.033333333
4: redirect_kv_pp2,196.730478000,0.036666667
4: redirect_kv_pp2,198.831019000,0.040000000
4: redirect_kv_pp2,202.390475000,0.043333333
4: redirect_kv_pp2,203.973445000,0.046666667
4: redirect_kv_pp2,204.108262000,0.050000000
4: redirect_kv_pp2,206.256998000,0.053333333
4: redirect_kv_pp2,206.878435000,0.056666667
4: redirect_kv_pp2,209.464645000,0.060000000
4: redirect_kv_pp2,209.613791000,0.063333333
4: redirect_kv_pp2,211.544197000,0.066666667
4: redirect_kv_pp2,212.267753000,0.070000000
4: redirect_kv_pp2,212.867847000,0.073333333
4: redirect_kv_pp2,214.444375000,0.076666667
4: redirect_kv_pp2,214.891623000,0.080000000
4: redirect_kv_pp2,215.409688000,0.083333333
4: redirect_kv_pp2,218.271870000,0.086666667
4: redirect_kv_pp2,220.340026000,0.090000000
4: redirect_kv_pp2,223.745742000,0.093333333
4: redirect_kv_pp2,224.565911000,0.096666667
4: redirect_kv_pp2,226.615891000,0.100000000
4: redirect_kv_pp2,232.069348000,0.103333333
4: redirect_kv_pp2,232.405382000,0.106666667
4: redirect_kv_pp2,233.679379000,0.110000000
4: redirect_kv_pp2,240.058243000,0.113333333
4: redirect_kv_pp2,243.616993000,0.116666667
4: redirect_kv_pp2,244.784533000,0.120000000
4: redirect_kv_pp2,245.538516000,0.123333333
4: redirect_kv_pp2,245.876650000,0.126666667
4: redirect_kv_pp2,246.327847000,0.130000000
4: redirect_kv_pp2,246.470950000,0.133333333
4: redirect_kv_pp2,248.261335000,0.136666667
4: redirect_kv_pp2,256.416186000,0.140000000
4: redirect_kv_pp2,261.040296000,0.143333333
4: redirect_kv_pp2,268.210907000,0.146666667
4: redirect_kv_pp2,271.507425000,0.150000000
4: redirect_kv_pp2,272.477995000,0.153333333
4: redirect_kv_pp2,276.400458000,0.156666667
4: redirect_kv_pp2,276.797226000,0.160000000
4: redirect_kv_pp2,277.393490000,0.163333333
4: redirect_kv_pp2,279.322709000,0.166666667
4: redirect_kv_pp2,281.342167000,0.170000000
4: redirect_kv_pp2,281.353839000,0.173333333
4: redirect_kv_pp2,281.699529000,0.176666667
4: redirect_kv_pp2,285.636928000,0.180000000
4: redirect_kv_pp2,286.509732000,0.183333333
4: redirect_kv_pp2,288.583906000,0.186666667
4: redirect_kv_pp2,288.969347000,0.190000000
4: redirect_kv_pp2,289.546200000,0.193333333
4: redirect_kv_pp2,290.547122000,0.196666667
4: redirect_kv_pp2,292.128268000,0.200000000
4: redirect_kv_pp2,297.078652000,0.203333333
4: redirect_kv_pp2,300.090997000,0.206666667
4: redirect_kv_pp2,302.262930000,0.210000000
4: redirect_kv_pp2,304.959784000,0.213333333
4: redirect_kv_pp2,306.070533000,0.216666667
4: redirect_kv_pp2,307.156990000,0.220000000
4: redirect_kv_pp2,307.790821000,0.223333333
4: redirect_kv_pp2,309.075584000,0.226666667
4: redirect_kv_pp2,312.102272000,0.230000000
4: redirect_kv_pp2,313.051744000,0.233333333
4: redirect_kv_pp2,316.432082000,0.236666667
4: redirect_kv_pp2,323.784589000,0.240000000
4: redirect_kv_pp2,325.210196000,0.243333333
4: redirect_kv_pp2,325.362142000,0.246666667
4: redirect_kv_pp2,325.958346000,0.250000000
4: redirect_kv_pp2,326.523394000,0.253333333
4: redirect_kv_pp2,326.599324000,0.256666667
4: redirect_kv_pp2,328.426100000,0.260000000
4: redirect_kv_pp2,330.954891000,0.263333333
4: redirect_kv_pp2,332.561744000,0.266666667
4: redirect_kv_pp2,334.960961000,0.270000000
4: redirect_kv_pp2,335.851648000,0.273333333
4: redirect_kv_pp2,336.347137000,0.276666667
4: redirect_kv_pp2,339.263135000,0.280000000
4: redirect_kv_pp2,341.230207000,0.283333333
4: redirect_kv_pp2,344.641994000,0.286666667
4: redirect_kv_pp2,347.598196000,0.290000000
4: redirect_kv_pp2,354.622066000,0.293333333
4: redirect_kv_pp2,355.339964000,0.296666667
4: redirect_kv_pp2,356.999907000,0.300000000
4: redirect_kv_pp2,357.666336000,0.303333333
4: redirect_kv_pp2,358.605656000,0.306666667
4: redirect_kv_pp2,359.626344000,0.310000000
4: redirect_kv_pp2,361.418492000,0.313333333
4: redirect_kv_pp2,362.570465000,0.316666667
4: redirect_kv_pp2,364.446479000,0.320000000
4: redirect_kv_pp2,365.718802000,0.323333333
4: redirect_kv_pp2,372.560049000,0.326666667
4: redirect_kv_pp2,372.658441000,0.330000000
4: redirect_kv_pp2,373.452004000,0.333333333
4: redirect_kv_pp2,373.601115000,0.336666667
4: redirect_kv_pp2,373.815228000,0.340000000
4: redirect_kv_pp2,379.831617000,0.343333333
4: redirect_kv_pp2,381.358532000,0.346666667
4: redirect_kv_pp2,383.336506000,0.350000000
4: redirect_kv_pp2,388.306830000,0.353333333
4: redirect_kv_pp2,389.636964000,0.356666667
4: redirect_kv_pp2,398.969438000,0.360000000
4: redirect_kv_pp2,399.093384000,0.363333333
4: redirect_kv_pp2,399.404885000,0.366666667
4: redirect_kv_pp2,401.552867000,0.370000000
4: redirect_kv_pp2,402.295867000,0.373333333
4: redirect_kv_pp2,403.694493000,0.376666667
4: redirect_kv_pp2,404.672412000,0.380000000
4: redirect_kv_pp2,407.086481000,0.383333333
4: redirect_kv_pp2,407.262109000,0.386666667
4: redirect_kv_pp2,410.271310000,0.390000000
4: redirect_kv_pp2,412.945670000,0.393333333
4: redirect_kv_pp2,415.326134000,0.396666667
4: redirect_kv_pp2,417.439209000,0.400000000
4: redirect_kv_pp2,424.233045000,0.403333333
4: redirect_kv_pp2,427.330268000,0.406666667
4: redirect_kv_pp2,430.938243000,0.410000000
4: redirect_kv_pp2,435.570676000,0.413333333
4: redirect_kv_pp2,435.625001000,0.416666667
4: redirect_kv_pp2,438.595680000,0.420000000
4: redirect_kv_pp2,438.692834000,0.423333333
4: redirect_kv_pp2,439.688576000,0.426666667
4: redirect_kv_pp2,442.602292000,0.430000000
4: redirect_kv_pp2,444.151728000,0.433333333
4: redirect_kv_pp2,449.320845000,0.436666667
4: redirect_kv_pp2,449.626271000,0.440000000
4: redirect_kv_pp2,451.123274000,0.443333333
4: redirect_kv_pp2,458.307829000,0.446666667
4: redirect_kv_pp2,464.916662000,0.450000000
4: redirect_kv_pp2,465.203714000,0.453333333
4: redirect_kv_pp2,469.883580000,0.456666667
4: redirect_kv_pp2,470.911055000,0.460000000
4: redirect_kv_pp2,475.472815000,0.463333333
4: redirect_kv_pp2,478.534896000,0.466666667
4: redirect_kv_pp2,481.866789000,0.470000000
4: redirect_kv_pp2,485.741806000,0.473333333
4: redirect_kv_pp2,487.200389000,0.476666667
4: redirect_kv_pp2,488.064345000,0.480000000
4: redirect_kv_pp2,488.313304000,0.483333333
4: redirect_kv_pp2,501.431681000,0.486666667
4: redirect_kv_pp2,502.145076000,0.490000000
4: redirect_kv_pp2,503.848348000,0.493333333
4: redirect_kv_pp2,506.140581000,0.496666667
4: redirect_kv_pp2,506.329918000,0.500000000
4: redirect_kv_pp2,507.211550000,0.503333333
4: redirect_kv_pp2,508.148647000,0.506666667
4: redirect_kv_pp2,513.535927000,0.510000000
4: redirect_kv_pp2,514.671350000,0.513333333
4: redirect_kv_pp2,516.430222000,0.516666667
4: redirect_kv_pp2,522.704669000,0.520000000
4: redirect_kv_pp2,524.350884000,0.523333333
4: redirect_kv_pp2,529.392437000,0.526666667
4: redirect_kv_pp2,531.163993000,0.530000000
4: redirect_kv_pp2,531.648111000,0.533333333
4: redirect_kv_pp2,533.095780000,0.536666667
4: redirect_kv_pp2,535.122210000,0.540000000
4: redirect_kv_pp2,535.346014000,0.543333333
4: redirect_kv_pp2,537.568316000,0.546666667
4: redirect_kv_pp2,539.189149000,0.550000000
4: redirect_kv_pp2,540.285486000,0.553333333
4: redirect_kv_pp2,542.056001000,0.556666667
4: redirect_kv_pp2,543.179715000,0.560000000
4: redirect_kv_pp2,543.868852000,0.563333333
4: redirect_kv_pp2,544.924990000,0.566666667
4: redirect_kv_pp2,549.126428000,0.570000000
4: redirect_kv_pp2,549.649149000,0.573333333
4: redirect_kv_pp2,550.101315000,0.576666667
4: redirect_kv_pp2,554.538901000,0.580000000
4: redirect_kv_pp2,557.469889000,0.583333333
4: redirect_kv_pp2,560.707710000,0.586666667
4: redirect_kv_pp2,561.616098000,0.590000000
4: redirect_kv_pp2,561.865184000,0.593333333
4: redirect_kv_pp2,562.103853000,0.596666667
4: redirect_kv_pp2,567.551595000,0.600000000
4: redirect_kv_pp2,573.881443000,0.603333333
4: redirect_kv_pp2,579.183843000,0.606666667
4: redirect_kv_pp2,580.225458000,0.610000000
4: redirect_kv_pp2,580.523851000,0.613333333
4: redirect_kv_pp2,580.873908000,0.616666667
4: redirect_kv_pp2,581.885870000,0.620000000
4: redirect_kv_pp2,584.116113000,0.623333333
4: redirect_kv_pp2,588.475794000,0.626666667
4: redirect_kv_pp2,588.559430000,0.630000000
4: redirect_kv_pp2,591.538104000,0.633333333
4: redirect_kv_pp2,592.859336000,0.636666667
4: redirect_kv_pp2,593.160869000,0.640000000
4: redirect_kv_pp2,596.936083000,0.643333333
4: redirect_kv_pp2,597.951796000,0.646666667
4: redirect_kv_pp2,599.276812000,0.650000000
4: redirect_kv_pp2,601.457319000,0.653333333
4: redirect_kv_pp2,602.982630000,0.656666667
4: redirect_kv_pp2,603.944468000,0.660000000
4: redirect_kv_pp2,608.115424000,0.663333333
4: redirect_kv_pp2,608.960613000,0.666666667
4: redirect_kv_pp2,609.918160000,0.670000000
4: redirect_kv_pp2,609.996510000,0.673333333
4: redirect_kv_pp2,611.559175000,0.676666667
4: redirect_kv_pp2,613.954563000,0.680000000
4: redirect_kv_pp2,617.810520000,0.683333333
4: redirect_kv_pp2,618.628641000,0.686666667
4: redirect_kv_pp2,620.150888000,0.690000000
4: redirect_kv_pp2,626.519523000,0.693333333
4: redirect_kv_pp2,626.787385000,0.696666667
4: redirect_kv_pp2,631.496659000,0.700000000
4: redirect_kv_pp2,631.732435000,0.703333333
4: redirect_kv_pp2,633.801865000,0.706666667
4: redirect_kv_pp2,638.811264000,0.710000000
4: redirect_kv_pp2,641.567338000,0.713333333
4: redirect_kv_pp2,648.561401000,0.716666667
4: redirect_kv_pp2,649.243688000,0.720000000
4: redirect_kv_pp2,651.875576000,0.723333333
4: redirect_kv_pp2,653.452800000,0.726666667
4: redirect_kv_pp2,653.914859000,0.730000000
4: redirect_kv_pp2,654.325546000,0.733333333
4: redirect_kv_pp2,655.217481000,0.736666667
4: redirect_kv_pp2,656.219360000,0.740000000
4: redirect_kv_pp2,657.059854000,0.743333333
4: redirect_kv_pp2,658.594941000,0.746666667
4: redirect_kv_pp2,660.396564000,0.750000000
4: redirect_kv_pp2,661.179914000,0.753333333
4: redirect_kv_pp2,664.692511000,0.756666667
4: redirect_kv_pp2,665.127095000,0.760000000
4: redirect_kv_pp2,665.740300000,0.763333333
4: redirect_kv_pp2,666.666157000,0.766666667
4: redirect_kv_pp2,667.877267000,0.770000000
4: redirect_kv_pp2,668.555464000,0.773333333
4: redirect_kv_pp2,669.143877000,0.776666667
4: redirect_kv_pp2,672.345348000,0.780000000
4: redirect_kv_pp2,673.777098000,0.783333333
4: redirect_kv_pp2,675.429668000,0.786666667
4: redirect_kv_pp2,679.550091000,0.790000000
4: redirect_kv_pp2,689.660182000,0.793333333
4: redirect_kv_pp2,691.729552000,0.796666667
4: redirect_kv_pp2,692.001870000,0.800000000
4: redirect_kv_pp2,696.168457000,0.803333333
4: redirect_kv_pp2,704.977240000,0.806666667
4: redirect_kv_pp2,705.945188000,0.810000000
4: redirect_kv_pp2,708.267811000,0.813333333
4: redirect_kv_pp2,711.931894000,0.816666667
4: redirect_kv_pp2,712.847940000,0.820000000
4: redirect_kv_pp2,719.586451000,0.823333333
4: redirect_kv_pp2,720.406272000,0.826666667
4: redirect_kv_pp2,720.509278000,0.830000000
4: redirect_kv_pp2,728.629999000,0.833333333
4: redirect_kv_pp2,735.331933000,0.836666667
4: redirect_kv_pp2,737.923438000,0.840000000
4: redirect_kv_pp2,738.119078000,0.843333333
4: redirect_kv_pp2,741.522135000,0.846666667
4: redirect_kv_pp2,742.362100000,0.850000000
4: redirect_kv_pp2,744.821595000,0.853333333
4: redirect_kv_pp2,746.208253000,0.856666667
4: redirect_kv_pp2,749.048024000,0.860000000
4: redirect_kv_pp2,756.497519000,0.863333333
4: redirect_kv_pp2,762.276555000,0.866666667
4: redirect_kv_pp2,772.707405000,0.870000000
4: redirect_kv_pp2,774.591532000,0.873333333
4: redirect_kv_pp2,781.808060000,0.876666667
4: redirect_kv_pp2,783.575010000,0.880000000
4: redirect_kv_pp2,792.488438000,0.883333333
4: redirect_kv_pp2,795.123961000,0.886666667
4: redirect_kv_pp2,796.427613000,0.890000000
4: redirect_kv_pp2,799.353491000,0.893333333
4: redirect_kv_pp2,812.865362000,0.896666667
4: redirect_kv_pp2,814.055178000,0.900000000
4: redirect_kv_pp2,814.785527000,0.903333333
4: redirect_kv_pp2,815.798171000,0.906666667
4: redirect_kv_pp2,824.789113000,0.910000000
4: redirect_kv_pp2,831.241994000,0.913333333
4: redirect_kv_pp2,831.844562000,0.916666667
4: redirect_kv_pp2,833.886033000,0.920000000
4: redirect_kv_pp2,834.186070000,0.923333333
4: redirect_kv_pp2,843.128758000,0.926666667
4: redirect_kv_pp2,849.671215000,0.930000000
4: redirect_kv_pp2,853.967214000,0.933333333
4: redirect_kv_pp2,857.859948000,0.936666667
4: redirect_kv_pp2,866.056134000,0.940000000
4: redirect_kv_pp2,871.916160000,0.943333333
4: redirect_kv_pp2,876.844677000,0.946666667
4: redirect_kv_pp2,881.796815000,0.950000000
4: redirect_kv_pp2,883.425312000,0.953333333
4: redirect_kv_pp2,890.264400000,0.956666667
4: redirect_kv_pp2,904.179893000,0.960000000
4: redirect_kv_pp2,904.386665000,0.963333333
4: redirect_kv_pp2,910.692731000,0.966666667
4: redirect_kv_pp2,938.395538000,0.970000000
4: redirect_kv_pp2,950.829035000,0.973333333
4: redirect_kv_pp2,958.926184000,0.976666667
4: redirect_kv_pp2,969.510084000,0.980000000
4: redirect_kv_pp2,979.748865000,0.983333333
4: redirect_kv_pp2,988.817212000,0.986666667
4: redirect_kv_pp2,1055.000174000,0.990000000
4: redirect_kv_pp2,1065.727012000,0.993333333
4: redirect_kv_pp2,1171.963466000,0.996666667
4: redirect_kv_pp2,1276.553554000,1.000000000
5: redirect_kv_pp2_c,58.712651000,0.003333333
5: redirect_kv_pp2_c,78.378626000,0.006666667
5: redirect_kv_pp2_c,120.505017000,0.010000000
5: redirect_kv_pp2_c,172.464561000,0.013333333
5: redirect_kv_pp2_c,175.449977000,0.016666667
5: redirect_kv_pp2_c,185.476413000,0.020000000
5: redirect_kv_pp2_c,186.061136000,0.023333333
5: redirect_kv_pp2_c,188.027507000,0.026666667
5: redirect_kv_pp2_c,189.332855000,0.030000000
5: redirect_kv_pp2_c,189.755658000,0.033333333
5: redirect_kv_pp2_c,196.730478000,0.036666667
5: redirect_kv_pp2_c,198.831019000,0.040000000
5: redirect_kv_pp2_c,202.390475000,0.043333333
5: redirect_kv_pp2_c,203.973445000,0.046666667
5: redirect_kv_pp2_c,204.108262000,0.050000000
5: redirect_kv_pp2_c,206.256998000,0.053333333
5: redirect_kv_pp2_c,206.878435000,0.056666667
5: redirect_kv_pp2_c,209.464645000,0.060000000
5: redirect_kv_pp2_c,209.613791000,0.063333333
5: redirect_kv_pp2_c,211.544197000,0.066666667
5: redirect_kv_pp2_c,212.267753000,0.070000000
5: redirect_kv_pp2_c,212.867847000,0.073333333
5: redirect_kv_pp2_c,214.444375000,0.076666667
5: redirect_kv_pp2_c,214.891623000,0.080000000
5: redirect_kv_pp2_c,215.409688000,0.083333333
5: redirect_kv_pp2_c,218.271870000,0.086666667
5: redirect_kv_pp2_c,220.340026000,0.090000000
5: redirect_kv_pp2_c,223.745742000,0.093333333
5: redirect_kv_pp2_c,224.565911000,0.096666667
5: redirect_kv_pp2_c,226.615891000,0.100000000
5: redirect_kv_pp2_c,232.069348000,0.103333333
5: redirect_kv_pp2_c,232.405382000,0.106666667
5: redirect_kv_pp2_c,233.679379000,0.110000000
5: redirect_kv_pp2_c,240.058243000,0.113333333
5: redirect_kv_pp2_c,243.616993000,0.116666667
5: redirect_kv_pp2_c,244.784533000,0.120000000
5: redirect_kv_pp2_c,245.538516000,0.123333333
5: redirect_kv_pp2_c,245.876650000,0.126666667
5: redirect_kv_pp2_c,246.327847000,0.130000000
5: redirect_kv_pp2_c,246.470950000,0.133333333
5: redirect_kv_pp2_c,248.261335000,0.136666667
5: redirect_kv_pp2_c,256.416186000,0.140000000
5: redirect_kv_pp2_c,261.040296000,0.143333333
5: redirect_kv_pp2_c,268.210907000,0.146666667
5: redirect_kv_pp2_c,271.507425000,0.150000000
5: redirect_kv_pp2_c,272.477995000,0.153333333
5: redirect_kv_pp2_c,276.400458000,0.156666667
5: redirect_kv_pp2_c,276.797226000,0.160000000
5: redirect_kv_pp2_c,277.393490000,0.163333333
5: redirect_kv_pp2_c,279.322709000,0.166666667
5: redirect_kv_pp2_c,281.342167000,0.170000000
5: redirect_kv_pp2_c,281.353839000,0.173333333
5: redirect_kv_pp2_c,281.699529000,0.176666667
5: redirect_kv_pp2_c,285.636928000,0.180000000
5: redirect_kv_pp2_c,286.509732000,0.183333333
5: redirect_kv_pp2_c,288.583906000,0.186666667
5: redirect_kv_pp2_c,288.969347000,0.190000000
5: redirect_kv_pp2_c,289.546200000,0.193333333
5: redirect_kv_pp2_c,290.547122000,0.196666667
5: redirect_kv_pp2_c,292.128268000,0.200000000
5: redirect_kv_pp2_c,297.078652000,0.203333333
5: redirect_kv_pp2_c,300.090997000,0.206666667
5: redirect_kv_pp2_c,302.262930000,0.210000000
5: redirect_kv_pp2_c,304.959784000,0.213333333
5: redirect_kv_pp2_c,306.070533000,0.216666667
5: redirect_kv_pp2_c,307.156990000,0.220000000
5: redirect_kv_pp2_c,307.790821000,0.223333333
5: redirect_kv_pp2_c,309.075584000,0.226666667
5: redirect_kv_pp2_c,312.102272000,0.230000000
5: redirect_kv_pp2_c,313.051744000,0.233333333
5: redirect_kv_pp2_c,316.432082000,0.236666667
5: redirect_kv_pp2_c,323.784589000,0.240000000
5: redirect_kv_pp2_c,325.210196000,0.243333333
5: redirect_kv_pp2_c,325.362142000,0.246666667
5: redirect_kv_pp2_c,325.958346000,0.250000000
5: redirect_kv_pp2_c,326.523394000,0.253333333
5: redirect_kv_pp2_c,326.599324000,0.256666667
5: redirect_kv_pp2_c,328.426100000,0.260000000
5: redirect_kv_pp2_c,330.954891000,0.263333333
5: redirect_kv_pp2_c,332.561744000,0.266666667
5: redirect_kv_pp2_c,334.960961000,0.270000000
5: redirect_kv_pp2_c,335.851648000,0.273333333
5: redirect_kv_pp2_c,336.347137000,0.276666667
5: redirect_kv_pp2_c,339.263135000,0.280000000
5: redirect_kv_pp2_c,341.230207000,0.283333333
5: redirect_kv_pp2_c,344.641994000,0.286666667
5: redirect_kv_pp2_c,347.598196000,0.290000000
5: redirect_kv_pp2_c,354.622066000,0.293333333
5: redirect_kv_pp2_c,355.339964000,0.296666667
5: redirect_kv_pp2_c,356.999907000,0.300000000
5: redirect_kv_pp2_c,357.666336000,0.303333333
5: redirect_kv_pp2_c,358.605656000,0.306666667
5: redirect_kv_pp2_c,359.626344000,0.310000000
5: redirect_kv_pp2_c,361.418492000,0.313333333
5: redirect_kv_pp2_c,362.570465000,0.316666667
5: redirect_kv_pp2_c,364.446479000,0.320000000
5: redirect_kv_pp2_c,365.718802000,0.323333333
5: redirect_kv_pp2_c,372.560049000,0.326666667
5: redirect_kv_pp2_c,372.658441000,0.330000000
5: redirect_kv_pp2_c,373.452004000,0.333333333
5: redirect_kv_pp2_c,373.601115000,0.336666667
5: redirect_kv_pp2_c,373.815228000,0.340000000
5: redirect_kv_pp2_c,379.831617000,0.343333333
5: redirect_kv_pp2_c,381.358532000,0.346666667
5: redirect_kv_pp2_c,383.336506000,0.350000000
5: redirect_kv_pp2_c,388.306830000,0.353333333
5: redirect_kv_pp2_c,389.636964000,0.356666667
5: redirect_kv_pp2_c,398.969438000,0.360000000
5: redirect_kv_pp2_c,399.093384000,0.363333333
5: redirect_kv_pp2_c,399.404885000,0.366666667
5: redirect_kv_pp2_c,401.552867000,0.370000000
5: redirect_kv_pp2_c,402.295867000,0.373333333
5: redirect_kv_pp2_c,403.694493000,0.376666667
5: redirect_kv_pp2_c,404.672412000,0.380000000
5: redirect_kv_pp2_c,407.086481000,0.383333333
5: redirect_kv_pp2_c,407.262109000,0.386666667
5: redirect_kv_pp2_c,410.271310000,0.390000000
5: redirect_kv_pp2_c,412.945670000,0.393333333
5: redirect_kv_pp2_c,415.326134000,0.396666667
5: redirect_kv_pp2_c,417.439209000,0.400000000
5: redirect_kv_pp2_c,424.233045000,0.403333333
5: redirect_kv_pp2_c,427.330268000,0.406666667
5: redirect_kv_pp2_c,430.938243000,0.410000000
5: redirect_kv_pp2_c,435.570676000,0.413333333
5: redirect_kv_pp2_c,435.625001000,0.416666667
5: redirect_kv_pp2_c,438.595680000,0.420000000
5: redirect_kv_pp2_c,438.692834000,0.423333333
5: redirect_kv_pp2_c,439.688576000,0.426666667
5: redirect_kv_pp2_c,442.602292000,0.430000000
5: redirect_kv_pp2_c,444.151728000,0.433333333
5: redirect_kv_pp2_c,449.320845000,0.436666667
5: redirect_kv_pp2_c,449.626271000,0.440000000
5: redirect_kv_pp2_c,451.123274000,0.443333333
5: redirect_kv_pp2_c,458.307829000,0.446666667
5: redirect_kv_pp2_c,464.916662000,0.450000000
5: redirect_kv_pp2_c,465.203714000,0.453333333
5: redirect_kv_pp2_c,469.883580000,0.456666667
5: redirect_kv_pp2_c,470.911055000,0.460000000
5: redirect_kv_pp2_c,475.472815000,0.463333333
5: redirect_kv_pp2_c,478.534896000,0.466666667
5: redirect_kv_pp2_c,481.866789000,0.470000000
5: redirect_kv_pp2_c,485.741806000,0.473333333
5: redirect_kv_pp2_c,487.200389000,0.476666667
5: redirect_kv_pp2_c,488.064345000,0.480000000
5: redirect_kv_pp2_c,488.313304000,0.483333333
5: redirect_kv_pp2_c,501.431681000,0.486666667
5: redirect_kv_pp2_c,502.145076000,0.490000000
5: redirect_kv_pp2_c,503.848348000,0.493333333
5: redirect_kv_pp2_c,506.140581000,0.496666667
5: redirect_kv_pp2_c,506.329918000,0.500000000
5: redirect_kv_pp2_c,507.211550000,0.503333333
5: redirect_kv_pp2_c,508.148647000,0.506666667
5: redirect_kv_pp2_c,513.535927000,0.510000000
5: redirect_kv_pp2_c,514.671350000,0.513333333
5: redirect_kv_pp2_c,516.430222000,0.516666667
5: redirect_kv_pp2_c,522.704669000,0.520000000
5: redirect_kv_pp2_c,524.350884000,0.523333333
5: redirect_kv_pp2_c,529.392437000,0.526666667
5: redirect_kv_pp2_c,531.163993000,0.530000000
5: redirect_kv_pp2_c,531.648111000,0.533333333
5: redirect_kv_pp2_c,533.095780000,0.536666667
5: redirect_kv_pp2_c,535.122210000,0.540000000
5: redirect_kv_pp2_c,535.346014000,0.543333333
5: redirect_kv_pp2_c,537.568316000,0.546666667
5: redirect_kv_pp2_c,539.189149000,0.550000000
5: redirect_kv_pp2_c,540.285486000,0.553333333
5: redirect_kv_pp2_c,542.056001000,0.556666667
5: redirect_kv_pp2_c,543.179715000,0.560000000
5: redirect_kv_pp2_c,543.868852000,0.563333333
5: redirect_kv_pp2_c,544.924990000,0.566666667
5: redirect_kv_pp2_c,549.126428000,0.570000000
5: redirect_kv_pp2_c,549.649149000,0.573333333
5: redirect_kv_pp2_c,550.101315000,0.576666667
5: redirect_kv_pp2_c,554.538901000,0.580000000
5: redirect_kv_pp2_c,557.469889000,0.583333333
5: redirect_kv_pp2_c,560.707710000,0.586666667
5: redirect_kv_pp2_c,561.616098000,0.590000000
5: redirect_kv_pp2_c,561.865184000,0.593333333
5: redirect_kv_pp2_c,562.103853000,0.596666667
5: redirect_kv_pp2_c,567.551595000,0.600000000
5: redirect_kv_pp2_c,573.881443000,0.603333333
5: redirect_kv_pp2_c,579.183843000,0.606666667
5: redirect_kv_pp2_c,580.225458000,0.610000000
5: redirect_kv_pp2_c,580.523851000,0.613333333
5: redirect_kv_pp2_c,580.873908000,0.616666667
5: redirect_kv_pp2_c,581.885870000,0.620000000
5: redirect_kv_pp2_c,584.116113000,0.623333333
5: redirect_kv_pp2_c,588.475794000,0.626666667
5: redirect_kv_pp2_c,588.559430000,0.630000000
5: redirect_kv_pp2_c,591.538104000,0.633333333
5: redirect_kv_pp2_c,592.859336000,0.636666667
5: redirect_kv_pp2_c,593.160869000,0.640000000
5: redirect_kv_pp2_c,596.936083000,0.643333333
5: redirect_kv_pp2_c,597.951796000,0.646666667
5: redirect_kv_pp2_c,599.276812000,0.650000000
5: redirect_kv_pp2_c,601.457319000,0.653333333
5: redirect_kv_pp2_c,602.982630000,0.656666667
5: redirect_kv_pp2_c,603.944468000,0.660000000
5: redirect_kv_pp2_c,608.115424000,0.663333333
5: redirect_kv_pp2_c,608.960613000,0.666666667
5: redirect_kv_pp2_c,609.918160000,0.670000000
5: redirect_kv_pp2_c,609.996510000,0.673333333
5: redirect_kv_pp2_c,611.559175000,0.676666667
5: redirect_kv_pp2_c,613.954563000,0.680000000
5: redirect_kv_pp2_c,617.810520000,0.683333333
5: redirect_kv_pp2_c,618.628641000,0.686666667
5: redirect_kv_pp2_c,620.150888000,0.690000000
5: redirect_kv_pp2_c,626.519523000,0.693333333
5: redirect_kv_pp2_c,626.787385000,0.696666667
5: redirect_kv_pp2_c,631.496659000,0.700000000
5: redirect_kv_pp2_c,631.732435000,0.703333333
5: redirect_kv_pp2_c,633.801865000,0.706666667
5: redirect_kv_pp2_c,638.811264000,0.710000000
5: redirect_kv_pp2_c,641.567338000,0.713333333
5: redirect_kv_pp2_c,648.561401000,0.716666667
5: redirect_kv_pp2_c,649.243688000,0.720000000
5: redirect_kv_pp2_c,651.875576000,0.723333333
5: redirect_kv_pp2_c,653.452800000,0.726666667
5: redirect_kv_pp2_c,653.914859000,0.730000000
5: redirect_kv_pp2_c,654.325546000,0.733333333
5: redirect_kv_pp2_c,655.217481000,0.736666667
5: redirect_kv_pp2_c,656.219360000,0.740000000
5: redirect_kv_pp2_c,657.059854000,0.743333333
5: redirect_kv_pp2_c,658.594941000,0.746666667
5: redirect_kv_pp2_c,660.396564000,0.750000000
5: redirect_kv_pp2_c,661.179914000,0.753333333
5: redirect_kv_pp2_c,664.692511000,0.756666667
5: redirect_kv_pp2_c,665.127095000,0.760000000
5: redirect_kv_pp2_c,665.740300000,0.763333333
5: redirect_kv_pp2_c,666.666157000,0.766666667
5: redirect_kv_pp2_c,667.877267000,0.770000000
5: redirect_kv_pp2_c,668.555464000,0.773333333
5: redirect_kv_pp2_c,669.143877000,0.776666667
5: redirect_kv_pp2_c,672.345348000,0.780000000
5: redirect_kv_pp2_c,673.777098000,0.783333333
5: redirect_kv_pp2_c,675.429668000,0.786666667
5: redirect_kv_pp2_c,679.550091000,0.790000000
5: redirect_kv_pp2_c,689.660182000,0.793333333
5: redirect_kv_pp2_c,691.729552000,0.796666667
5: redirect_kv_pp2_c,692.001870000,0.800000000
5: redirect_kv_pp2_c,696.168457000,0.803333333
5: redirect_kv_pp2_c,704.977240000,0.806666667
5: redirect_kv_pp2_c,705.945188000,0.810000000
5: redirect_kv_pp2_c,708.267811000,0.813333333
5: redirect_kv_pp2_c,711.931894000,0.816666667
5: redirect_kv_pp2_c,712.847940000,0.820000000
5: redirect_kv_pp2_c,719.586451000,0.823333333
5: redirect_kv_pp2_c,720.406272000,0.826666667
5: redirect_kv_pp2_c,720.509278000,0.830000000
5: redirect_kv_pp2_c,728.629999000,0.833333333
5: redirect_kv_pp2_c,735.331933000,0.836666667
5: redirect_kv_pp2_c,737.923438000,0.840000000
5: redirect_kv_pp2_c,738.119078000,0.843333333
5: redirect_kv_pp2_c,741.522135000,0.846666667
5: redirect_kv_pp2_c,742.362100000,0.850000000
5: redirect_kv_pp2_c,744.821595000,0.853333333
5: redirect_kv_pp2_c,746.208253000,0.856666667
5: redirect_kv_pp2_c,749.048024000,0.860000000
5: redirect_kv_pp2_c,756.497519000,0.863333333
5: redirect_kv_pp2_c,762.276555000,0.866666667
5: redirect_kv_pp2_c,772.707405000,0.870000000
5: redirect_kv_pp2_c,774.591532000,0.873333333
5: redirect_kv_pp2_c,781.808060000,0.876666667
5: redirect_kv_pp2_c,783.575010000,0.880000000
5: redirect_kv_pp2_c,792.488438000,0.883333333
5: redirect_kv_pp2_c,795.123961000,0.886666667
5: redirect_kv_pp2_c,796.427613000,0.890000000
5: redirect_kv_pp2_c,799.353491000,0.893333333
5: redirect_kv_pp2_c,812.865362000,0.896666667
5: redirect_kv_pp2_c,814.055178000,0.900000000
5: redirect_kv_pp2_c,814.785527000,0.903333333
5: redirect_kv_pp2_c,815.798171000,0.906666667
5: redirect_kv_pp2_c,824.789113000,0.910000000
5: redirect_kv_pp2_c,831.241994000,0.913333333
5: redirect_kv_pp2_c,831.844562000,0.916666667
5: redirect_kv_pp2_c,833.886033000,0.920000000
5: redirect_kv_pp2_c,834.186070000,0.923333333
5: redirect_kv_pp2_c,843.128758000,0.926666667
5: redirect_kv_pp2_c,849.671215000,0.930000000
5: redirect_kv_pp2_c,853.967214000,0.933333333
5: redirect_kv_pp2_c,857.859948000,0.936666667
5: redirect_kv_pp2_c,866.056134000,0.940000000
5: redirect_kv_pp2_c,871.916160000,0.943333333
5: redirect_kv_pp2_c,876.844677000,0.946666667
5: redirect_kv_pp2_c,881.796815000,0.950000000
5: redirect_kv_pp2_c,883.425312000,0.953333333
5: redirect_kv_pp2_c,890.264400000,0.956666667
5: redirect_kv_pp2_c,904.179893000,0.960000000
5: redirect_kv_pp2_c,904.386665000,0.963333333
5: redirect_kv_pp2_c,910.692731000,0.966666667
5: redirect_kv_pp2_c,938.395538000,0.970000000
5: redirect_kv_pp2_c,950.829035000,0.973333333
5: redirect_kv_pp2_c,958.926184000,0.976666667
5: redirect_kv_pp2_c,969.510084000,0.980000000
5: redirect_kv_pp2_c,979.748865000,0.983333333
5: redirect_kv_pp2_c,988.817212000,0.986666667
5: redirect_kv_pp2_c,1055.000174000,0.990000000
5: redirect_kv_pp2_c,1065.727012000,0.993333333
5: redirect_kv_pp2_c,1171.963466000,0.996666667
5: redirect_kv_pp2_c,1276.553554000,1.000000000
6: redirect_kv_nopp_c,40.049748000,0.003333333
6: redirect_kv_nopp_c,53.504941000,0.006666667
6: redirect_kv_nopp_c,61.261648000,0.010000000
6: redirect_kv_nopp_c,78.617755000,0.013333333
6: redirect_kv_nopp_c,154.976761000,0.016666667
6: redirect_kv_nopp_c,171.726922000,0.020000000
6: redirect_kv_nopp_c,180.097468000,0.023333333
6: redirect_kv_nopp_c,180.823740000,0.026666667
6: redirect_kv_nopp_c,183.198366000,0.030000000
6: redirect_kv_nopp_c,183.347245000,0.033333333
6: redirect_kv_nopp_c,184.255859000,0.036666667
6: redirect_kv_nopp_c,184.694905000,0.040000000
6: redirect_kv_nopp_c,188.399446000,0.043333333
6: redirect_kv_nopp_c,188.627964000,0.046666667
6: redirect_kv_nopp_c,193.011418000,0.050000000
6: redirect_kv_nopp_c,194.148688000,0.053333333
6: redirect_kv_nopp_c,194.289136000,0.056666667
6: redirect_kv_nopp_c,194.585661000,0.060000000
6: redirect_kv_nopp_c,195.906054000,0.063333333
6: redirect_kv_nopp_c,201.114579000,0.066666667
6: redirect_kv_nopp_c,201.120067000,0.070000000
6: redirect_kv_nopp_c,201.873250000,0.073333333
6: redirect_kv_nopp_c,202.139390000,0.076666667
6: redirect_kv_nopp_c,202.215714000,0.080000000
6: redirect_kv_nopp_c,202.411275000,0.083333333
6: redirect_kv_nopp_c,202.905211000,0.086666667
6: redirect_kv_nopp_c,204.728908000,0.090000000
6: redirect_kv_nopp_c,205.220743000,0.093333333
6: redirect_kv_nopp_c,206.739664000,0.096666667
6: redirect_kv_nopp_c,207.749267000,0.100000000
6: redirect_kv_nopp_c,209.337582000,0.103333333
6: redirect_kv_nopp_c,209.395261000,0.106666667
6: redirect_kv_nopp_c,213.705934000,0.110000000
6: redirect_kv_nopp_c,214.541528000,0.113333333
6: redirect_kv_nopp_c,215.079031000,0.116666667
6: redirect_kv_nopp_c,215.971433000,0.120000000
6: redirect_kv_nopp_c,216.722762000,0.123333333
6: redirect_kv_nopp_c,217.876694000,0.126666667
6: redirect_kv_nopp_c,218.300879000,0.130000000
6: redirect_kv_nopp_c,218.636503000,0.133333333
6: redirect_kv_nopp_c,219.752347000,0.136666667
6: redirect_kv_nopp_c,222.435201000,0.140000000
6: redirect_kv_nopp_c,223.501990000,0.143333333
6: redirect_kv_nopp_c,223.506820000,0.146666667
6: redirect_kv_nopp_c,223.737897000,0.150000000
6: redirect_kv_nopp_c,224.293077000,0.153333333
6: redirect_kv_nopp_c,225.386757000,0.156666667
6: redirect_kv_nopp_c,225.465966000,0.160000000
6: redirect_kv_nopp_c,229.090187000,0.163333333
6: redirect_kv_nopp_c,229.496083000,0.166666667
6: redirect_kv_nopp_c,230.497158000,0.170000000
6: redirect_kv_nopp_c,230.909496000,0.173333333
6: redirect_kv_nopp_c,231.013045000,0.176666667
6: redirect_kv_nopp_c,231.065857000,0.180000000
6: redirect_kv_nopp_c,231.497397000,0.183333333
6: redirect_kv_nopp_c,232.102772000,0.186666667
6: redirect_kv_nopp_c,232.377414000,0.190000000
6: redirect_kv_nopp_c,234.525701000,0.193333333
6: redirect_kv_nopp_c,235.765032000,0.196666667
6: redirect_kv_nopp_c,237.050079000,0.200000000
6: redirect_kv_nopp_c,237.792352000,0.203333333
6: redirect_kv_nopp_c,240.484797000,0.206666667
6: redirect_kv_nopp_c,248.625925000,0.210000000
6: redirect_kv_nopp_c,250.175435000,0.213333333
6: redirect_kv_nopp_c,253.378544000,0.216666667
6: redirect_kv_nopp_c,253.893806000,0.220000000
6: redirect_kv_nopp_c,257.556451000,0.223333333
6: redirect_kv_nopp_c,260.965043000,0.226666667
6: redirect_kv_nopp_c,265.269238000,0.230000000
6: redirect_kv_nopp_c,265.299300000,0.233333333
6: redirect_kv_nopp_c,265.579911000,0.236666667
6: redirect_kv_nopp_c,272.793773000,0.240000000
6: redirect_kv_nopp_c,274.671498000,0.243333333
6: redirect_kv_nopp_c,277.323705000,0.246666667
6: redirect_kv_nopp_c,296.834763000,0.250000000
6: redirect_kv_nopp_c,297.472507000,0.253333333
6: redirect_kv_nopp_c,309.160687000,0.256666667
6: redirect_kv_nopp_c,312.917377000,0.260000000
6: redirect_kv_nopp_c,315.497312000,0.263333333
6: redirect_kv_nopp_c,317.142958000,0.266666667
6: redirect_kv_nopp_c,319.697262000,0.270000000
6: redirect_kv_nopp_c,320.810650000,0.273333333
6: redirect_kv_nopp_c,329.951367000,0.276666667
6: redirect_kv_nopp_c,330.494115000,0.280000000
6: redirect_kv_nopp_c,337.206555000,0.283333333
6: redirect_kv_nopp_c,338.537270000,0.286666667
6: redirect_kv_nopp_c,341.564115000,0.290000000
6: redirect_kv_nopp_c,342.445989000,0.293333333
6: redirect_kv_nopp_c,342.876333000,0.296666667
6: redirect_kv_nopp_c,348.902469000,0.300000000
6: redirect_kv_nopp_c,350.028508000,0.303333333
6: redirect_kv_nopp_c,350.326838000,0.306666667
6: redirect_kv_nopp_c,352.628696000,0.310000000
6: redirect_kv_nopp_c,355.896150000,0.313333333
6: redirect_kv_nopp_c,365.045511000,0.316666667
6: redirect_kv_nopp_c,366.396162000,0.320000000
6: redirect_kv_nopp_c,368.643345000,0.323333333
6: redirect_kv_nopp_c,370.343232000,0.326666667
6: redirect_kv_nopp_c,370.937445000,0.330000000
6: redirect_kv_nopp_c,372.449733000,0.333333333
6: redirect_kv_nopp_c,375.452250000,0.336666667
6: redirect_kv_nopp_c,376.340007000,0.340000000
6: redirect_kv_nopp_c,378.210638000,0.343333333
6: redirect_kv_nopp_c,378.281963000,0.346666667
6: redirect_kv_nopp_c,383.781006000,0.350000000
6: redirect_kv_nopp_c,383.995072000,0.353333333
6: redirect_kv_nopp_c,389.232949000,0.356666667
6: redirect_kv_nopp_c,399.126011000,0.360000000
6: redirect_kv_nopp_c,399.502530000,0.363333333
6: redirect_kv_nopp_c,400.652177000,0.366666667
6: redirect_kv_nopp_c,409.482439000,0.370000000
6: redirect_kv_nopp_c,411.148122000,0.373333333
6: redirect_kv_nopp_c,412.407163000,0.376666667
6: redirect_kv_nopp_c,412.713337000,0.380000000
6: redirect_kv_nopp_c,414.175603000,0.383333333
6: redirect_kv_nopp_c,423.307834000,0.386666667
6: redirect_kv_nopp_c,423.837211000,0.390000000
6: redirect_kv_nopp_c,442.235101000,0.393333333
6: redirect_kv_nopp_c,452.614941000,0.396666667
6: redirect_kv_nopp_c,456.723784000,0.400000000
6: redirect_kv_nopp_c,458.723315000,0.403333333
6: redirect_kv_nopp_c,460.425952000,0.406666667
6: redirect_kv_nopp_c,460.689784000,0.410000000
6: redirect_kv_nopp_c,463.737164000,0.413333333
6: redirect_kv_nopp_c,515.222565000,0.416666667
6: redirect_kv_nopp_c,516.867370000,0.420000000
6: redirect_kv_nopp_c,516.870998000,0.423333333
6: redirect_kv_nopp_c,528.056980000,0.426666667
6: redirect_kv_nopp_c,530.770078000,0.430000000
6: redirect_kv_nopp_c,531.610453000,0.433333333
6: redirect_kv_nopp_c,533.139962000,0.436666667
6: redirect_kv_nopp_c,535.616066000,0.440000000
6: redirect_kv_nopp_c,536.348795000,0.443333333
6: redirect_kv_nopp_c,539.078346000,0.446666667
6: redirect_kv_nopp_c,543.292093000,0.450000000
6: redirect_kv_nopp_c,545.300065000,0.453333333
6: redirect_kv_nopp_c,546.314693000,0.456666667
6: redirect_kv_nopp_c,546.417435000,0.460000000
6: redirect_kv_nopp_c,549.990997000,0.463333333
6: redirect_kv_nopp_c,556.300785000,0.466666667
6: redirect_kv_nopp_c,570.365370000,0.470000000
6: redirect_kv_nopp_c,574.777705000,0.473333333
6: redirect_kv_nopp_c,586.736485000,0.476666667
6: redirect_kv_nopp_c,589.454708000,0.480000000
6: redirect_kv_nopp_c,590.334653000,0.483333333
6: redirect_kv_nopp_c,593.750640000,0.486666667
6: redirect_kv_nopp_c,593.840389000,0.490000000
6: redirect_kv_nopp_c,594.031622000,0.493333333
6: redirect_kv_nopp_c,595.957975000,0.496666667
6: redirect_kv_nopp_c,602.755387000,0.500000000
6: redirect_kv_nopp_c,605.764581000,0.503333333
6: redirect_kv_nopp_c,607.171525000,0.506666667
6: redirect_kv_nopp_c,610.404041000,0.510000000
6: redirect_kv_nopp_c,611.205614000,0.513333333
6: redirect_kv_nopp_c,611.221778000,0.516666667
6: redirect_kv_nopp_c,611.492943000,0.520000000
6: redirect_kv_nopp_c,611.713409000,0.523333333
6: redirect_kv_nopp_c,616.218213000,0.526666667
6: redirect_kv_nopp_c,626.890346000,0.530000000
6: redirect_kv_nopp_c,632.319703000,0.533333333
6: redirect_kv_nopp_c,632.612185000,0.536666667
6: redirect_kv_nopp_c,635.908670000,0.540000000
6: redirect_kv_nopp_c,638.130159000,0.543333333
6: redirect_kv_nopp_c,652.904959000,0.546666667
6: redirect_kv_nopp_c,654.641408000,0.550000000
6: redirect_kv_nopp_c,655.944277000,0.553333333
6: redirect_kv_nopp_c,658.011116000,0.556666667
6: redirect_kv_nopp_c,669.067856000,0.560000000
6: redirect_kv_nopp_c,673.407285000,0.563333333
6: redirect_kv_nopp_c,677.776901000,0.566666667
6: redirect_kv_nopp_c,684.310235000,0.570000000
6: redirect_kv_nopp_c,686.425698000,0.573333333
6: redirect_kv_nopp_c,706.753340000,0.576666667
6: redirect_kv_nopp_c,714.522018000,0.580000000
6: redirect_kv_nopp_c,716.257102000,0.583333333
6: redirect_kv_nopp_c,717.568339000,0.586666667
6: redirect_kv_nopp_c,719.133936000,0.590000000
6: redirect_kv_nopp_c,720.365143000,0.593333333
6: redirect_kv_nopp_c,720.454670000,0.596666667
6: redirect_kv_nopp_c,731.858374000,0.600000000
6: redirect_kv_nopp_c,736.015152000,0.603333333
6: redirect_kv_nopp_c,736.132310000,0.606666667
6: redirect_kv_nopp_c,739.474896000,0.610000000
6: redirect_kv_nopp_c,744.850565000,0.613333333
6: redirect_kv_nopp_c,752.967902000,0.616666667
6: redirect_kv_nopp_c,759.045589000,0.620000000
6: redirect_kv_nopp_c,759.555560000,0.623333333
6: redirect_kv_nopp_c,765.384171000,0.626666667
6: redirect_kv_nopp_c,767.565828000,0.630000000
6: redirect_kv_nopp_c,768.086650000,0.633333333
6: redirect_kv_nopp_c,772.633759000,0.636666667
6: redirect_kv_nopp_c,773.650604000,0.640000000
6: redirect_kv_nopp_c,778.242290000,0.643333333
6: redirect_kv_nopp_c,793.340213000,0.646666667
6: redirect_kv_nopp_c,804.691403000,0.650000000
6: redirect_kv_nopp_c,814.931761000,0.653333333
6: redirect_kv_nopp_c,816.621379000,0.656666667
6: redirect_kv_nopp_c,820.455565000,0.660000000
6: redirect_kv_nopp_c,821.188467000,0.663333333
6: redirect_kv_nopp_c,836.585113000,0.666666667
6: redirect_kv_nopp_c,846.847181000,0.670000000
6: redirect_kv_nopp_c,858.003570000,0.673333333
6: redirect_kv_nopp_c,865.078119000,0.676666667
6: redirect_kv_nopp_c,871.818595000,0.680000000
6: redirect_kv_nopp_c,872.810985000,0.683333333
6: redirect_kv_nopp_c,876.072030000,0.686666667
6: redirect_kv_nopp_c,881.026555000,0.690000000
6: redirect_kv_nopp_c,885.006778000,0.693333333
6: redirect_kv_nopp_c,885.223404000,0.696666667
6: redirect_kv_nopp_c,893.186591000,0.700000000
6: redirect_kv_nopp_c,896.428864000,0.703333333
6: redirect_kv_nopp_c,900.880290000,0.706666667
6: redirect_kv_nopp_c,909.550118000,0.710000000
6: redirect_kv_nopp_c,911.530077000,0.713333333
6: redirect_kv_nopp_c,916.758356000,0.716666667
6: redirect_kv_nopp_c,924.404490000,0.720000000
6: redirect_kv_nopp_c,942.443507000,0.723333333
6: redirect_kv_nopp_c,966.679376000,0.726666667
6: redirect_kv_nopp_c,982.428224000,0.730000000
6: redirect_kv_nopp_c,995.532606000,0.733333333
6: redirect_kv_nopp_c,996.359079000,0.736666667
6: redirect_kv_nopp_c,1001.147471000,0.740000000
6: redirect_kv_nopp_c,1016.851208000,0.743333333
6: redirect_kv_nopp_c,1057.974964000,0.746666667
6: redirect_kv_nopp_c,1069.735671000,0.750000000
6: redirect_kv_nopp_c,1078.298385000,0.753333333
6: redirect_kv_nopp_c,1088.577248000,0.756666667
6: redirect_kv_nopp_c,1103.441905000,0.760000000
6: redirect_kv_nopp_c,1121.423663000,0.763333333
6: redirect_kv_nopp_c,1121.738609000,0.766666667
6: redirect_kv_nopp_c,1143.048049000,0.770000000
6: redirect_kv_nopp_c,1145.444165000,0.773333333
6: redirect_kv_nopp_c,1180.364560000,0.776666667
6: redirect_kv_nopp_c,1190.530394000,0.780000000
6: redirect_kv_nopp_c,1194.572921000,0.783333333
6: redirect_kv_nopp_c,1200.824085000,0.786666667
6: redirect_kv_nopp_c,1204.399767000,0.790000000
6: redirect_kv_nopp_c,1209.484339000,0.793333333
6: redirect_kv_nopp_c,1231.703383000,0.796666667
6: redirect_kv_nopp_c,1231.890346000,0.800000000
6: redirect_kv_nopp_c,1233.167447000,0.803333333
6: redirect_kv_nopp_c,1247.241395000,0.806666667
6: redirect_kv_nopp_c,1247.692258000,0.810000000
6: redirect_kv_nopp_c,1264.448977000,0.813333333
6: redirect_kv_nopp_c,1291.032380000,0.816666667
6: redirect_kv_nopp_c,1291.409943000,0.820000000
6: redirect_kv_nopp_c,1299.195192000,0.823333333
6: redirect_kv_nopp_c,1303.761833000,0.826666667
6: redirect_kv_nopp_c,1304.444052000,0.830000000
6: redirect_kv_nopp_c,1366.221292000,0.833333333
6: redirect_kv_nopp_c,1397.456770000,0.836666667
6: redirect_kv_nopp_c,1410.742591000,0.840000000
6: redirect_kv_nopp_c,1417.351251000,0.843333333
6: redirect_kv_nopp_c,1438.059142000,0.846666667
6: redirect_kv_nopp_c,1475.463117000,0.850000000
6: redirect_kv_nopp_c,1486.663291000,0.853333333
6: redirect_kv_nopp_c,1537.118524000,0.856666667
6: redirect_kv_nopp_c,1600.951560000,0.860000000
6: redirect_kv_nopp_c,1605.573840000,0.863333333
6: redirect_kv_nopp_c,1610.495139000,0.866666667
6: redirect_kv_nopp_c,1615.910664000,0.870000000
6: redirect_kv_nopp_c,1633.734120000,0.873333333
6: redirect_kv_nopp_c,1642.271345000,0.876666667
6: redirect_kv_nopp_c,1645.602894000,0.880000000
6: redirect_kv_nopp_c,1718.603637000,0.883333333
6: redirect_kv_nopp_c,1767.248115000,0.886666667
6: redirect_kv_nopp_c,1782.482025000,0.890000000
6: redirect_kv_nopp_c,1784.584187000,0.893333333
6: redirect_kv_nopp_c,1828.198551000,0.896666667
6: redirect_kv_nopp_c,1833.881351000,0.900000000
6: redirect_kv_nopp_c,1852.769228000,0.903333333
6: redirect_kv_nopp_c,1907.199906000,0.906666667
6: redirect_kv_nopp_c,1912.592057000,0.910000000
6: redirect_kv_nopp_c,1941.302983000,0.913333333
6: redirect_kv_nopp_c,2094.968066000,0.916666667
6: redirect_kv_nopp_c,2122.509463000,0.920000000
6: redirect_kv_nopp_c,2254.177111000,0.923333333
6: redirect_kv_nopp_c,2271.008385000,0.926666667
6: redirect_kv_nopp_c,2289.236889000,0.930000000
6: redirect_kv_nopp_c,2386.189803000,0.933333333
6: redirect_kv_nopp_c,2401.514356000,0.936666667
6: redirect_kv_nopp_c,2430.873516000,0.940000000
6: redirect_kv_nopp_c,2492.445542000,0.943333333
6: redirect_kv_nopp_c,2516.044667000,0.946666667
6: redirect_kv_nopp_c,2529.277239000,0.950000000
6: redirect_kv_nopp_c,2533.577489000,0.953333333
6: redirect_kv_nopp_c,2539.871067000,0.956666667
6: redirect_kv_nopp_c,2553.399167000,0.960000000
6: redirect_kv_nopp_c,2573.312997000,0.963333333
6: redirect_kv_nopp_c,2581.733541000,0.966666667
6: redirect_kv_nopp_c,2602.847375000,0.970000000
6: redirect_kv_nopp_c,2615.786538000,0.973333333
6: redirect_kv_nopp_c,2716.851494000,0.976666667
6: redirect_kv_nopp_c,2720.836886000,0.980000000
6: redirect_kv_nopp_c,2785.234467000,0.983333333
6: redirect_kv_nopp_c,2807.841939000,0.986666667
6: redirect_kv_nopp_c,2825.339785000,0.990000000
6: redirect_kv_nopp_c,2888.376887000,0.993333333
6: redirect_kv_nopp_c,3143.476267000,0.996666667
6: redirect_kv_nopp_c,3392.869687000,1.000000000
