layer,tokens,time_us
act_fn,1,3.37067
act_fn,2,3.53067
act_fn,3,3.467
act_fn,4,3.584
act_fn,5,3.488
act_fn,6,3.456
act_fn,7,3.56267
act_fn,8,3.584
act_fn,9,3.59467
act_fn,10,3.63733
act_fn,11,3.616
act_fn,12,3.68
act_fn,13,3.60567
act_fn,14,3.59467
act_fn,15,3.59467
act_fn,16,3.584
act_fn,20,3.616
act_fn,24,3.648
act_fn,28,3.73333
act_fn,32,3.776
act_fn,36,3.75467
act_fn,40,3.73333
act_fn,44,3.776
act_fn,48,3.31733
act_fn,52,3.43467
act_fn,56,3.456
act_fn,60,3.552
act_fn,64,3.552
act_fn,80,3.53067
act_fn,96,3.62667
act_fn,112,3.72267
act_fn,128,4.59733
act_fn,144,5.48267
act_fn,160,5.58933
act_fn,176,6.37867
act_fn,192,6.709
act_fn,208,6.44267
act_fn,224,6.34667
act_fn,240,6.443
act_fn,256,6.624
act_fn,272,8.16
act_fn,288,8.14967
act_fn,304,8.27733
act_fn,320,9.09867
act_fn,336,9.22667
act_fn,352,9.32267
act_fn,368,9.58933
act_fn,384,10.368
act_fn,400,10.7627
act_fn,416,10.9867
act_fn,432,11.232
act_fn,448,11.104
act_fn,464,11.52
act_fn,480,11.6587
act_fn,496,12
act_fn,512,12.1707
act_fn,528,12.2773
act_fn,544,13.5893
act_fn,560,13.44
act_fn,576,13.888
act_fn,592,14.368
act_fn,608,14.6347
act_fn,624,14.9123
act_fn,640,15.2427
act_fn,656,15.6907
act_fn,672,16.1493
act_fn,688,16.0747
act_fn,704,16.2027
act_fn,720,16.6617
act_fn,736,17.024
act_fn,752,17.3117
act_fn,768,17.5467
act_fn,784,18.5813
act_fn,800,19.0507
act_fn,816,19.744
act_fn,832,19.6693
act_fn,848,19.9787
act_fn,864,20.8107
act_fn,880,20.7787
act_fn,896,21.824
act_fn,912,21.248
act_fn,928,21.7813
act_fn,944,21.675
act_fn,960,22.4747
act_fn,976,22.816
act_fn,992,23.0827
act_fn,1008,23.723
act_fn,1024,23.8933
act_fn,1040,23.808
act_fn,1056,24.4267
act_fn,1072,25.4933
act_fn,1088,25.248
act_fn,1104,26.1227
act_fn,1120,26.9977
act_fn,1136,26.3253
act_fn,1152,26.6027
act_fn,1168,27.104
act_fn,1184,27.008
act_fn,1200,27.2967
act_fn,1216,28.1283
act_fn,1232,28.032
act_fn,1248,28.3093
act_fn,1264,29.152
act_fn,1280,29.1413
act_fn,1296,29.4613
act_fn,1312,30.23
act_fn,1328,30.944
act_fn,1344,31.0613
act_fn,1360,31.584
act_fn,1376,31.2427
act_fn,1392,32.16
act_fn,1408,31.627
act_fn,1424,32.619
act_fn,1440,32.779
act_fn,1456,33.9623
act_fn,1472,33.8023
act_fn,1488,34.123
act_fn,1504,34.208
act_fn,1520,34.581
act_fn,1536,35.328
act_fn,1552,35.1573
act_fn,1568,35.317
act_fn,1584,36.064
act_fn,1600,36.608
act_fn,1616,37.6533
act_fn,1632,37.7173
act_fn,1648,38.5283
act_fn,1664,38.4427
act_fn,1680,38.0163
act_fn,1696,38.3463
act_fn,1712,38.08
act_fn,1728,38.635
act_fn,1744,40.3523
act_fn,1760,40.5543
act_fn,1776,40.2453
act_fn,1792,40.6827
act_fn,1808,41.301
act_fn,1824,41.5257
act_fn,1840,41.8343
act_fn,1856,41.76
act_fn,1872,43.0933
act_fn,1888,42.4743
act_fn,1904,43.2007
act_fn,1920,43.5203
act_fn,1936,43.6267
act_fn,1952,44.4477
act_fn,1968,44.8643
act_fn,1984,45.6213
act_fn,2000,45.4933
act_fn,2016,45.7813
act_fn,2032,46.816
act_fn,2048,47.4667
down_proj,1,36.3947
down_proj,2,36.032
down_proj,3,36.15
down_proj,4,36.203
down_proj,5,36.085
down_proj,6,36.2347
down_proj,7,36.5227
down_proj,8,36.32
down_proj,9,36.7147
down_proj,10,36.9387
down_proj,11,37.2907
down_proj,12,37.024
down_proj,13,37.2373
down_proj,14,37.4187
down_proj,15,37.28
down_proj,16,37.3227
down_proj,20,37.366
down_proj,24,37.3123
down_proj,28,38.4533
down_proj,32,37.995
down_proj,36,38.752
down_proj,40,38.7417
down_proj,44,39.168
down_proj,48,39.2747
down_proj,52,39.403
down_proj,56,40.075
down_proj,60,39.499
down_proj,64,40.5013
down_proj,80,41.5787
down_proj,96,42.7307
down_proj,112,43.2213
down_proj,128,42.6667
down_proj,144,45.792
down_proj,160,46.3687
down_proj,176,47.275
down_proj,192,44.4373
down_proj,208,48.3413
down_proj,224,53.7067
down_proj,240,51.8293
down_proj,256,52.1817
down_proj,272,62.112
down_proj,288,64.7153
down_proj,304,57.504
down_proj,320,59.4137
down_proj,336,70.7307
down_proj,352,67.691
down_proj,368,59.1893
down_proj,384,67.3497
down_proj,400,78.1333
down_proj,416,80.7363
down_proj,432,65.1413
down_proj,448,71.0937
down_proj,464,78.4643
down_proj,480,71.3067
down_proj,496,72.139
down_proj,512,72.373
down_proj,528,79.1467
down_proj,544,83.9897
down_proj,560,78.6987
down_proj,576,88.2133
down_proj,592,87.4023
down_proj,608,86.923
down_proj,624,87.1577
down_proj,640,87.84
down_proj,656,92.5867
down_proj,672,109.76
down_proj,688,94.3577
down_proj,704,109.27
down_proj,720,109.963
down_proj,736,109.472
down_proj,752,109.408
down_proj,768,109.494
down_proj,784,111.339
down_proj,800,119.105
down_proj,816,111.478
down_proj,832,135.605
down_proj,848,116.086
down_proj,864,119.051
down_proj,880,119.264
down_proj,896,135.606
down_proj,912,128.523
down_proj,928,128.726
down_proj,944,128.523
down_proj,960,136.48
down_proj,976,135.968
down_proj,992,135.051
down_proj,1008,136.118
down_proj,1024,136.054
down_proj,1040,140.566
down_proj,1056,159.201
down_proj,1072,144.886
down_proj,1088,158.528
down_proj,1104,159.19
down_proj,1120,158.794
down_proj,1136,159.221
down_proj,1152,159.361
down_proj,1168,159.456
down_proj,1184,168.202
down_proj,1200,160.16
down_proj,1216,170.165
down_proj,1232,164.437
down_proj,1248,168.214
down_proj,1264,168.512
down_proj,1280,169.813
down_proj,1296,177.536
down_proj,1312,196.224
down_proj,1328,176.992
down_proj,1344,196.502
down_proj,1360,186.849
down_proj,1376,197.942
down_proj,1392,184.224
down_proj,1408,196.875
down_proj,1424,216
down_proj,1440,217.632
down_proj,1456,215.083
down_proj,1472,216.875
down_proj,1488,217.995
down_proj,1504,216.896
down_proj,1520,218.528
down_proj,1536,217.025
down_proj,1552,218.123
down_proj,1568,232.864
down_proj,1584,220.758
down_proj,1600,273.461
down_proj,1616,218.038
down_proj,1632,234.241
down_proj,1648,217.355
down_proj,1664,281.771
down_proj,1680,227.937
down_proj,1696,239.574
down_proj,1712,233.302
down_proj,1728,270.689
down_proj,1744,238.635
down_proj,1760,240.097
down_proj,1776,235.008
down_proj,1792,265.856
down_proj,1808,260.374
down_proj,1824,255.456
down_proj,1840,251.765
down_proj,1856,272.118
down_proj,1872,251.318
down_proj,1888,254.987
down_proj,1904,251.115
down_proj,1920,270.848
down_proj,1936,269.996
down_proj,1952,265.398
down_proj,1968,266.848
down_proj,1984,265.739
down_proj,2000,267.201
down_proj,2016,265.173
down_proj,2032,264.481
down_proj,2048,264.695
embedding,1,3.62667
embedding,2,3.648
embedding,3,3.86133
embedding,4,3.968
embedding,5,4.43733
embedding,6,4.59733
embedding,7,5.03467
embedding,8,5.12
embedding,9,5.61067
embedding,10,5.80267
embedding,11,6.03733
embedding,12,6.272
embedding,13,6.60267
embedding,14,6.83733
embedding,15,7.14667
embedding,16,7.2
embedding,20,2.88
embedding,24,2.82667
embedding,28,2.86933
embedding,32,2.64533
embedding,36,2.86933
embedding,40,2.82667
embedding,44,2.912
embedding,48,2.688
embedding,52,2.88
embedding,56,2.93333
embedding,60,2.95467
embedding,64,2.86933
embedding,80,2.83733
embedding,96,3.02933
embedding,112,2.976
embedding,128,3.02933
embedding,144,3.49867
embedding,160,3.40267
embedding,176,3.424
embedding,192,3.456
embedding,208,3.53067
embedding,224,3.56267
embedding,240,3.56267
embedding,256,3.50933
embedding,272,3.97867
embedding,288,3.98933
embedding,304,4.05367
embedding,320,4.064
embedding,336,4.04267
embedding,352,4.17067
embedding,368,4.08533
embedding,384,4.17067
embedding,400,4.576
embedding,416,4.65067
embedding,432,4.68267
embedding,448,4.71467
embedding,464,4.736
embedding,480,4.84267
embedding,496,4.928
embedding,512,4.832
embedding,528,4.84267
embedding,544,5.26933
embedding,560,5.45067
embedding,576,5.38667
embedding,592,5.28033
embedding,608,5.35467
embedding,624,5.55733
embedding,640,5.42933
embedding,656,5.44
embedding,672,5.344
embedding,688,5.64267
embedding,704,5.55733
embedding,720,5.664
embedding,736,5.55733
embedding,752,5.67467
embedding,768,5.64267
embedding,784,5.68533
embedding,800,5.67467
embedding,816,5.824
embedding,832,5.952
embedding,848,5.90933
embedding,864,5.83467
embedding,880,5.89867
embedding,896,6.02667
embedding,912,5.92
embedding,928,5.82433
embedding,944,5.96267
embedding,960,5.97367
embedding,976,5.89867
embedding,992,5.93067
embedding,1008,5.984
embedding,1024,6.03733
embedding,1040,6.05867
embedding,1056,6.13333
embedding,1072,6.16533
embedding,1088,6.29333
embedding,1104,6.47467
embedding,1120,6.336
embedding,1136,6.41067
embedding,1152,6.50667
embedding,1168,6.56
embedding,1184,6.44267
embedding,1200,6.60267
embedding,1216,6.528
embedding,1232,6.624
embedding,1248,6.688
embedding,1264,6.72
embedding,1280,6.80533
embedding,1296,6.624
embedding,1312,6.74133
embedding,1328,6.72
embedding,1344,6.752
embedding,1360,6.76267
embedding,1376,6.816
embedding,1392,6.74133
embedding,1408,6.88
embedding,1424,6.80533
embedding,1440,6.99733
embedding,1456,6.92267
embedding,1472,6.98667
embedding,1488,6.95467
embedding,1504,7.11467
embedding,1520,7.05067
embedding,1536,7.11467
embedding,1552,7.15733
embedding,1568,7.28533
embedding,1584,7.28533
embedding,1600,7.28533
embedding,1616,7.37067
embedding,1632,7.296
embedding,1648,7.264
embedding,1664,7.44533
embedding,1680,7.38133
embedding,1696,7.33867
embedding,1712,7.46667
embedding,1728,7.403
embedding,1744,7.44533
embedding,1760,7.584
embedding,1776,7.46667
embedding,1792,7.616
embedding,1808,7.53067
embedding,1824,7.627
embedding,1840,7.56267
embedding,1856,7.62667
embedding,1872,7.59467
embedding,1888,7.584
embedding,1904,7.66933
embedding,1920,7.712
embedding,1936,7.63733
embedding,1952,7.65867
embedding,1968,7.73333
embedding,1984,7.808
embedding,2000,7.84
embedding,2016,7.82933
embedding,2032,7.95733
embedding,2048,7.92533
final_layernorm,1,2.496
final_layernorm,2,2.496
final_layernorm,3,2.464
final_layernorm,4,2.47467
final_layernorm,5,2.41067
final_layernorm,6,2.464
final_layernorm,7,2.44267
final_layernorm,8,2.48533
final_layernorm,9,2.47467
final_layernorm,10,2.51733
final_layernorm,11,2.56
final_layernorm,12,2.50667
final_layernorm,13,2.53867
final_layernorm,14,2.50667
final_layernorm,15,2.50667
final_layernorm,16,2.496
final_layernorm,20,2.60267
final_layernorm,24,2.56
final_layernorm,28,2.57067
final_layernorm,32,2.54933
final_layernorm,36,2.54933
final_layernorm,40,2.60267
final_layernorm,44,2.56
final_layernorm,48,2.54933
final_layernorm,52,2.61333
final_layernorm,56,2.57067
final_layernorm,60,2.57067
final_layernorm,64,2.60267
final_layernorm,80,2.624
final_layernorm,96,2.69867
final_layernorm,112,2.80533
final_layernorm,128,2.83733
final_layernorm,144,3.296
final_layernorm,160,3.328
final_layernorm,176,3.44533
final_layernorm,192,3.59467
final_layernorm,208,3.49867
final_layernorm,224,3.52
final_layernorm,240,3.648
final_layernorm,256,3.904
final_layernorm,272,4.352
final_layernorm,288,4.544
final_layernorm,304,4.704
final_layernorm,320,4.59733
final_layernorm,336,4.71467
final_layernorm,352,4.832
final_layernorm,368,4.81067
final_layernorm,384,5.17333
final_layernorm,400,5.19467
final_layernorm,416,5.312
final_layernorm,432,5.632
final_layernorm,448,5.49333
final_layernorm,464,5.632
final_layernorm,480,5.54667
final_layernorm,496,5.80267
final_layernorm,512,5.78133
final_layernorm,528,5.6
final_layernorm,544,6.21867
final_layernorm,560,6.16533
final_layernorm,576,6.18667
final_layernorm,592,6.315
final_layernorm,608,6.304
final_layernorm,624,6.42133
final_layernorm,640,6.54933
final_layernorm,656,6.73067
final_layernorm,672,6.83733
final_layernorm,688,6.96533
final_layernorm,704,7.136
final_layernorm,720,7.17867
final_layernorm,736,7.24267
final_layernorm,752,7.328
final_layernorm,768,7.34933
final_layernorm,784,7.43467
final_layernorm,800,7.62667
final_layernorm,816,7.808
final_layernorm,832,7.88267
final_layernorm,848,8.08533
final_layernorm,864,8.13867
final_layernorm,880,8.13867
final_layernorm,896,8.23467
final_layernorm,912,8.34133
final_layernorm,928,8.33067
final_layernorm,944,8.672
final_layernorm,960,8.75767
final_layernorm,976,8.62933
final_layernorm,992,8.72533
final_layernorm,1008,9.10933
final_layernorm,1024,8.98167
final_layernorm,1040,8.89567
final_layernorm,1056,9.00267
final_layernorm,1072,10.112
final_layernorm,1088,10.3573
final_layernorm,1104,10.5067
final_layernorm,1120,10.6667
final_layernorm,1136,10.5813
final_layernorm,1152,10.7093
final_layernorm,1168,10.9333
final_layernorm,1184,10.7413
final_layernorm,1200,10.8373
final_layernorm,1216,11.1573
final_layernorm,1232,11.008
final_layernorm,1248,11.2853
final_layernorm,1264,11.0933
final_layernorm,1280,11.3493
final_layernorm,1296,12
final_layernorm,1312,12.4803
final_layernorm,1328,12.4483
final_layernorm,1344,12.9173
final_layernorm,1360,12.8
final_layernorm,1376,12.6083
final_layernorm,1392,12.9067
final_layernorm,1408,12.8427
final_layernorm,1424,12.7573
final_layernorm,1440,12.8107
final_layernorm,1456,12.96
final_layernorm,1472,12.9067
final_layernorm,1488,13.1627
final_layernorm,1504,13.12
final_layernorm,1520,13.2693
final_layernorm,1536,13.44
final_layernorm,1552,13.5893
final_layernorm,1568,13.8027
final_layernorm,1584,13.6533
final_layernorm,1600,14.528
final_layernorm,1616,13.8563
final_layernorm,1632,13.856
final_layernorm,1648,14.048
final_layernorm,1664,15.2857
final_layernorm,1680,14.3577
final_layernorm,1696,14.272
final_layernorm,1712,14.5707
final_layernorm,1728,14.7307
final_layernorm,1744,14.6773
final_layernorm,1760,14.8697
final_layernorm,1776,15.072
final_layernorm,1792,15.2107
final_layernorm,1808,15.0613
final_layernorm,1824,15.2643
final_layernorm,1840,15.1893
final_layernorm,1856,15.7333
final_layernorm,1872,15.7867
final_layernorm,1888,15.5413
final_layernorm,1904,15.8187
final_layernorm,1920,16.2563
final_layernorm,1936,16.0747
final_layernorm,1952,16.5653
final_layernorm,1968,16.7467
final_layernorm,1984,16.629
final_layernorm,2000,16.3733
final_layernorm,2016,16.8
final_layernorm,2032,16.9707
final_layernorm,2048,16.6293
gate_up_proj,1,68.1497
gate_up_proj,2,67.2427
gate_up_proj,3,67.9787
gate_up_proj,4,67.5417
gate_up_proj,5,67.8293
gate_up_proj,6,68.928
gate_up_proj,7,68.7577
gate_up_proj,8,68.971
gate_up_proj,9,67.1683
gate_up_proj,10,68.6187
gate_up_proj,11,68.0423
gate_up_proj,12,68.864
gate_up_proj,13,69.1203
gate_up_proj,14,69.067
gate_up_proj,15,69.28
gate_up_proj,16,68.779
gate_up_proj,20,69.344
gate_up_proj,24,69.899
gate_up_proj,28,69.1313
gate_up_proj,32,70.5927
gate_up_proj,36,70.6027
gate_up_proj,40,70.5713
gate_up_proj,44,70.3577
gate_up_proj,48,69.2053
gate_up_proj,52,68.737
gate_up_proj,56,68.427
gate_up_proj,60,68.4803
gate_up_proj,64,68.8537
gate_up_proj,80,70.1017
gate_up_proj,96,70.8163
gate_up_proj,112,72.7473
gate_up_proj,128,73.0027
gate_up_proj,144,74.4857
gate_up_proj,160,74.0167
gate_up_proj,176,77.6857
gate_up_proj,192,79.0727
gate_up_proj,208,80.8003
gate_up_proj,224,86.6777
gate_up_proj,240,88.192
gate_up_proj,256,90.4853
gate_up_proj,272,96.4697
gate_up_proj,288,115.659
gate_up_proj,304,105.131
gate_up_proj,320,107.669
gate_up_proj,336,116.331
gate_up_proj,352,117.921
gate_up_proj,368,118.059
gate_up_proj,384,116.747
gate_up_proj,400,171.009
gate_up_proj,416,143.414
gate_up_proj,432,140.63
gate_up_proj,448,271.787
gate_up_proj,464,154.795
gate_up_proj,480,154.773
gate_up_proj,496,149.409
gate_up_proj,512,149.259
gate_up_proj,528,170.625
gate_up_proj,544,194.614
gate_up_proj,560,272.566
gate_up_proj,576,194.901
gate_up_proj,592,192.971
gate_up_proj,608,195.766
gate_up_proj,624,199.734
gate_up_proj,640,190.699
gate_up_proj,656,231.424
gate_up_proj,672,221.984
gate_up_proj,688,212.481
gate_up_proj,704,241.067
gate_up_proj,720,210.411
gate_up_proj,736,242.219
gate_up_proj,752,240.886
gate_up_proj,768,242.646
gate_up_proj,784,231.062
gate_up_proj,800,231.862
gate_up_proj,816,248.619
gate_up_proj,832,282.187
gate_up_proj,848,244.448
gate_up_proj,864,276.8
gate_up_proj,880,254.71
gate_up_proj,896,276.706
gate_up_proj,912,287.308
gate_up_proj,928,288.086
gate_up_proj,944,287.019
gate_up_proj,960,287.905
gate_up_proj,976,302.145
gate_up_proj,992,283.436
gate_up_proj,1008,302.859
gate_up_proj,1024,286.348
gate_up_proj,1040,295.969
gate_up_proj,1056,333.282
gate_up_proj,1072,328.993
gate_up_proj,1088,335.488
gate_up_proj,1104,328.213
gate_up_proj,1120,327.946
gate_up_proj,1136,334.891
gate_up_proj,1152,336.119
gate_up_proj,1168,333.547
gate_up_proj,1184,350.017
gate_up_proj,1200,334.902
gate_up_proj,1216,354.773
gate_up_proj,1232,333.194
gate_up_proj,1248,351.35
gate_up_proj,1264,351.797
gate_up_proj,1280,354.592
gate_up_proj,1296,364.533
gate_up_proj,1312,381.687
gate_up_proj,1328,380.31
gate_up_proj,1344,383.34
gate_up_proj,1360,382.283
gate_up_proj,1376,402.753
gate_up_proj,1392,390.112
gate_up_proj,1408,420.832
gate_up_proj,1424,390.411
gate_up_proj,1440,400.811
gate_up_proj,1456,390.765
gate_up_proj,1472,464.768
gate_up_proj,1488,427.447
gate_up_proj,1504,420.832
gate_up_proj,1520,426.604
gate_up_proj,1536,466.007
gate_up_proj,1552,419.137
gate_up_proj,1568,417.782
gate_up_proj,1584,447.596
gate_up_proj,1600,466.774
gate_up_proj,1616,463.596
gate_up_proj,1632,464.877
gate_up_proj,1648,463.159
gate_up_proj,1664,466.411
gate_up_proj,1680,446.796
gate_up_proj,1696,522.326
gate_up_proj,1712,519.735
gate_up_proj,1728,523.192
gate_up_proj,1744,494.177
gate_up_proj,1760,495.415
gate_up_proj,1776,479.904
gate_up_proj,1792,477.153
gate_up_proj,1808,514.807
gate_up_proj,1824,582.849
gate_up_proj,1840,504.661
gate_up_proj,1856,558.764
gate_up_proj,1872,504.854
gate_up_proj,1888,553.717
gate_up_proj,1904,504.439
gate_up_proj,1920,557.782
gate_up_proj,1936,531.116
gate_up_proj,1952,529.528
gate_up_proj,1968,533.909
gate_up_proj,1984,549.237
gate_up_proj,2000,534.55
gate_up_proj,2016,529.962
gate_up_proj,2032,549.206
gate_up_proj,2048,549.56
layernorm,1,2.38933
layernorm,2,2.32
layernorm,3,2.30933
layernorm,4,2.29867
layernorm,5,2.32533
layernorm,6,2.304
layernorm,7,2.37867
layernorm,8,2.32
layernorm,9,2.34133
layernorm,10,2.32533
layernorm,11,2.30933
layernorm,12,2.31467
layernorm,13,2.32533
layernorm,14,2.34667
layernorm,15,2.336
layernorm,16,2.34133
layernorm,20,2.35733
layernorm,24,2.32533
layernorm,28,2.336
layernorm,32,2.416
layernorm,36,2.34133
layernorm,40,2.31467
layernorm,44,2.352
layernorm,48,2.352
layernorm,52,2.4
layernorm,56,2.368
layernorm,60,2.39467
layernorm,64,2.39467
layernorm,80,2.52783
layernorm,96,2.512
layernorm,112,2.57083
layernorm,128,2.736
layernorm,144,2.90667
layernorm,160,2.98667
layernorm,176,3.06133
layernorm,192,3.16267
layernorm,208,3.09867
layernorm,224,3.152
layernorm,240,3.21067
layernorm,256,3.52
layernorm,272,3.84
layernorm,288,3.79217
layernorm,304,3.77067
layernorm,320,3.856
layernorm,336,3.84533
layernorm,352,3.97333
layernorm,368,3.98933
layernorm,384,4.032
layernorm,400,4.13867
layernorm,416,4.22933
layernorm,432,4.32
layernorm,448,4.44283
layernorm,464,4.49067
layernorm,480,4.48
layernorm,496,4.544
layernorm,512,4.58667
layernorm,528,4.76267
layernorm,544,4.8
layernorm,560,5.02933
layernorm,576,4.93867
layernorm,592,5.04533
layernorm,608,5.184
layernorm,624,5.29083
layernorm,640,5.27467
layernorm,656,5.31733
layernorm,672,5.70133
layernorm,688,5.616
layernorm,704,5.92
layernorm,720,5.84533
layernorm,736,5.856
layernorm,752,5.824
layernorm,768,6.08517
layernorm,784,5.84533
layernorm,800,6.18667
layernorm,816,6.288
layernorm,832,6.576
layernorm,848,6.45867
layernorm,864,6.528
layernorm,880,6.54917
layernorm,896,6.912
layernorm,912,6.6825
layernorm,928,6.74667
layernorm,944,6.77867
layernorm,960,7.04533
layernorm,976,7.104
layernorm,992,7.09867
layernorm,1008,7.14133
layernorm,1024,7.19483
layernorm,1040,7.18933
layernorm,1056,7.50933
layernorm,1072,8.20267
layernorm,1088,8.72533
layernorm,1104,8.7255
layernorm,1120,8.84267
layernorm,1136,8.84817
layernorm,1152,9.06133
layernorm,1168,8.912
layernorm,1184,8.848
layernorm,1200,8.84267
layernorm,1216,9.024
layernorm,1232,8.93867
layernorm,1248,9.12533
layernorm,1264,9.09867
layernorm,1280,9.18933
layernorm,1296,9.60533
layernorm,1312,9.98933
layernorm,1328,9.53067
layernorm,1344,10.208
layernorm,1360,9.664
layernorm,1376,10.2933
layernorm,1392,9.81867
layernorm,1408,10.4057
layernorm,1424,10.1547
layernorm,1440,10.4213
layernorm,1456,10.3467
layernorm,1472,10.5067
layernorm,1488,10.544
layernorm,1504,10.5387
layernorm,1520,10.5173
layernorm,1536,10.8267
layernorm,1552,10.4533
layernorm,1568,10.5227
layernorm,1584,10.5867
layernorm,1600,11.28
layernorm,1616,10.832
layernorm,1632,10.752
layernorm,1648,10.88
layernorm,1664,11.3547
layernorm,1680,11.0133
layernorm,1696,11.024
layernorm,1712,11.0987
layernorm,1728,11.2642
layernorm,1744,11.232
layernorm,1760,11.4133
layernorm,1776,11.5253
layernorm,1792,11.5627
layernorm,1808,11.6053
layernorm,1824,11.632
layernorm,1840,11.712
layernorm,1856,11.808
layernorm,1872,11.888
layernorm,1888,11.9893
layernorm,1904,11.9787
layernorm,1920,12.3147
layernorm,1936,12.128
layernorm,1952,12.2933
layernorm,1968,12.4107
layernorm,1984,12.4268
layernorm,2000,12.4533
layernorm,2016,12.5493
layernorm,2032,12.6775
layernorm,2048,12.7893
o_proj,1,14.048
o_proj,2,14.0907
o_proj,3,13.8773
o_proj,4,13.8773
o_proj,5,13.9093
o_proj,6,14.0907
o_proj,7,13.984
o_proj,8,14.2507
o_proj,9,13.5147
o_proj,10,13.4933
o_proj,11,13.568
o_proj,12,13.7813
o_proj,13,13.6853
o_proj,14,13.8027
o_proj,15,13.8777
o_proj,16,14.1337
o_proj,20,11.9467
o_proj,24,12.0533
o_proj,28,12.4483
o_proj,32,12.5337
o_proj,36,12.3733
o_proj,40,12.3947
o_proj,44,12.6507
o_proj,48,12.8
o_proj,52,12.1817
o_proj,56,12.1387
o_proj,60,13.6747
o_proj,64,12.8107
o_proj,80,13.0667
o_proj,96,13.408
o_proj,112,13.0347
o_proj,128,13.376
o_proj,144,13.451
o_proj,160,13.8987
o_proj,176,14.1977
o_proj,192,14.4217
o_proj,208,15.392
o_proj,224,15.4987
o_proj,240,15.6377
o_proj,256,16.8427
o_proj,272,16.6187
o_proj,288,18.6453
o_proj,304,18.752
o_proj,320,18.1973
o_proj,336,19.4027
o_proj,352,20.7467
o_proj,368,19.872
o_proj,384,19.6693
o_proj,400,20.587
o_proj,416,23.392
o_proj,432,21.248
o_proj,448,25.4187
o_proj,464,22.336
o_proj,480,23.9573
o_proj,496,23.2107
o_proj,512,23.2323
o_proj,528,24.3733
o_proj,544,25.5893
o_proj,560,25.387
o_proj,576,26.688
o_proj,592,26.624
o_proj,608,28.0213
o_proj,624,27.8823
o_proj,640,28.0853
o_proj,656,29.4613
o_proj,672,33.44
o_proj,688,29.9947
o_proj,704,33.5253
o_proj,720,33.4403
o_proj,736,33.7067
o_proj,752,33.6003
o_proj,768,33.7813
o_proj,784,35.1153
o_proj,800,37.0243
o_proj,816,34.8907
o_proj,832,52.4697
o_proj,848,36.1067
o_proj,864,37.067
o_proj,880,37.1947
o_proj,896,38.9333
o_proj,912,39.9893
o_proj,928,40.1067
o_proj,944,39.776
o_proj,960,42.3573
o_proj,976,42.1443
o_proj,992,42.016
o_proj,1008,42.144
o_proj,1024,42.0693
o_proj,1040,43.296
o_proj,1056,47.8297
o_proj,1072,44.8
o_proj,1088,47.701
o_proj,1104,48.1707
o_proj,1120,47.7543
o_proj,1136,47.9577
o_proj,1152,48.2243
o_proj,1168,49.408
o_proj,1184,51.9573
o_proj,1200,49.7067
o_proj,1216,52.5433
o_proj,1232,50.9437
o_proj,1248,52.2667
o_proj,1264,52.4053
o_proj,1280,52.7363
o_proj,1296,54.048
o_proj,1312,60.2453
o_proj,1328,53.632
o_proj,1344,57.675
o_proj,1360,55.883
o_proj,1376,58.731
o_proj,1392,56.3843
o_proj,1408,58.2507
o_proj,1424,64.608
o_proj,1440,64.7363
o_proj,1456,64.416
o_proj,1472,64.757
o_proj,1488,64.5337
o_proj,1504,64.8107
o_proj,1520,64.704
o_proj,1536,64.79
o_proj,1552,67.307
o_proj,1568,72.0533
o_proj,1584,67.0297
o_proj,1600,74.0693
o_proj,1616,67.2003
o_proj,1632,71.9367
o_proj,1648,66.8913
o_proj,1664,70.88
o_proj,1680,70.5173
o_proj,1696,72.0637
o_proj,1712,70.3147
o_proj,1728,83.126
o_proj,1744,72.1607
o_proj,1760,72.2347
o_proj,1776,72.16
o_proj,1792,82.5067
o_proj,1808,78.336
o_proj,1824,77.8777
o_proj,1840,77.6743
o_proj,1856,82.9767
o_proj,1872,77.632
o_proj,1888,77.44
o_proj,1904,76.9393
o_proj,1920,82.507
o_proj,1936,82.8057
o_proj,1952,81.9207
o_proj,1968,82.7307
o_proj,1984,82.3897
o_proj,2000,82.6243
o_proj,2016,82.304
o_proj,2032,81.813
o_proj,2048,82.0807
qkv_proj,1,17.6533
qkv_proj,2,17.0987
qkv_proj,3,16.9283
qkv_proj,4,17.8133
qkv_proj,5,17.056
qkv_proj,6,17.1733
qkv_proj,7,16.9813
qkv_proj,8,17.2053
qkv_proj,9,17.5467
qkv_proj,10,17.5467
qkv_proj,11,17.1093
qkv_proj,12,17.7493
qkv_proj,13,17.152
qkv_proj,14,17.4187
qkv_proj,15,17.3653
qkv_proj,16,17.44
qkv_proj,20,17.6213
qkv_proj,24,17.2907
qkv_proj,28,17.5257
qkv_proj,32,17.1733
qkv_proj,36,17.8027
qkv_proj,40,17.664
qkv_proj,44,18.1867
qkv_proj,48,17.4507
qkv_proj,52,17.1413
qkv_proj,56,17.3333
qkv_proj,60,17.4507
qkv_proj,64,17.1947
qkv_proj,80,16.7893
qkv_proj,96,17.568
qkv_proj,112,17.963
qkv_proj,128,17.504
qkv_proj,144,18.7733
qkv_proj,160,19.264
qkv_proj,176,18.848
qkv_proj,192,19.4453
qkv_proj,208,22.4857
qkv_proj,224,25.7067
qkv_proj,240,24.459
qkv_proj,256,20.5227
qkv_proj,272,24
qkv_proj,288,25.6427
qkv_proj,304,24.0853
qkv_proj,320,26.1123
qkv_proj,336,24.2453
qkv_proj,352,26.4213
qkv_proj,368,26.3893
qkv_proj,384,26.2827
qkv_proj,400,27.968
qkv_proj,416,32.704
qkv_proj,432,29.2587
qkv_proj,448,32.683
qkv_proj,464,32.6827
qkv_proj,480,32.832
qkv_proj,496,32.7253
qkv_proj,512,32.8747
qkv_proj,528,36.064
qkv_proj,544,39.52
qkv_proj,560,36
qkv_proj,576,41.792
qkv_proj,592,39.5097
qkv_proj,608,39.52
qkv_proj,624,39.4773
qkv_proj,640,42.1657
qkv_proj,656,43.0507
qkv_proj,672,47.5733
qkv_proj,688,42.9547
qkv_proj,704,47.4457
qkv_proj,720,46.72
qkv_proj,736,47.5627
qkv_proj,752,47.3497
qkv_proj,768,47.7013
qkv_proj,784,50.3147
qkv_proj,800,51.5737
qkv_proj,816,50.3893
qkv_proj,832,72.992
qkv_proj,848,77.7713
qkv_proj,864,61.3227
qkv_proj,880,78.795
qkv_proj,896,56.4163
qkv_proj,912,63.1893
qkv_proj,928,63.1787
qkv_proj,944,62.763
qkv_proj,960,63.275
qkv_proj,976,62.6347
qkv_proj,992,62.251
qkv_proj,1008,62.4963
qkv_proj,1024,62.432
qkv_proj,1040,68.566
qkv_proj,1056,70.1763
qkv_proj,1072,69.547
qkv_proj,1088,78.7733
qkv_proj,1104,69.312
qkv_proj,1120,70.667
qkv_proj,1136,69.387
qkv_proj,1152,82.0693
qkv_proj,1168,76.2453
qkv_proj,1184,76.6723
qkv_proj,1200,74.1337
qkv_proj,1216,83.2633
qkv_proj,1232,72.9067
qkv_proj,1248,76.5447
qkv_proj,1264,76.96
qkv_proj,1280,83.4773
qkv_proj,1296,81.9413
qkv_proj,1312,82.2297
qkv_proj,1328,81.7813
qkv_proj,1344,82.3473
qkv_proj,1360,81.664
qkv_proj,1376,82.006
qkv_proj,1392,81.9303
qkv_proj,1408,82.2933
qkv_proj,1424,91.5733
qkv_proj,1440,95.9897
qkv_proj,1456,95.819
qkv_proj,1472,96.864
qkv_proj,1488,95.904
qkv_proj,1504,95.8293
qkv_proj,1520,96.107
qkv_proj,1536,96.864
qkv_proj,1552,92.4697
qkv_proj,1568,101.237
qkv_proj,1584,92.3633
qkv_proj,1600,104.864
qkv_proj,1616,99.3707
qkv_proj,1632,102.422
qkv_proj,1648,99.6807
qkv_proj,1664,104.608
qkv_proj,1680,101.867
qkv_proj,1696,102.272
qkv_proj,1712,102.229
qkv_proj,1728,102.987
qkv_proj,1744,102.677
qkv_proj,1760,102.806
qkv_proj,1776,108.416
qkv_proj,1792,113.205
qkv_proj,1808,116.683
qkv_proj,1824,117.248
qkv_proj,1840,116.597
qkv_proj,1856,132.79
qkv_proj,1872,115.754
qkv_proj,1888,115.648
qkv_proj,1904,116.459
qkv_proj,1920,118.816
qkv_proj,1936,111.733
qkv_proj,1952,122.955
qkv_proj,1968,123.573
qkv_proj,1984,122.368
qkv_proj,2000,123.275
qkv_proj,2016,123.605
qkv_proj,2032,123.254
qkv_proj,2048,122.871
rotary_emb,1,3.36
rotary_emb,2,3.328
rotary_emb,3,3.22133
rotary_emb,4,3.27467
rotary_emb,5,3.43467
rotary_emb,6,3.44533
rotary_emb,7,3.392
rotary_emb,8,3.456
rotary_emb,9,3.31733
rotary_emb,10,3.456
rotary_emb,11,3.456
rotary_emb,12,3.25333
rotary_emb,13,3.41333
rotary_emb,14,3.488
rotary_emb,15,3.41333
rotary_emb,16,3.49867
rotary_emb,20,3.46667
rotary_emb,24,3.44533
rotary_emb,28,3.47767
rotary_emb,32,3.46667
rotary_emb,36,3.552
rotary_emb,40,3.52033
rotary_emb,44,3.531
rotary_emb,48,3.50933
rotary_emb,52,3.44533
rotary_emb,56,3.616
rotary_emb,60,3.41333
rotary_emb,64,3.47733
rotary_emb,80,3.584
rotary_emb,96,3.59467
rotary_emb,112,3.62667
rotary_emb,128,3.69067
rotary_emb,144,4.20267
rotary_emb,160,4.34133
rotary_emb,176,4.30933
rotary_emb,192,4.30933
rotary_emb,208,4.384
rotary_emb,224,4.43733
rotary_emb,240,4.37333
rotary_emb,256,4.448
rotary_emb,272,5.28
rotary_emb,288,5.248
rotary_emb,304,5.23733
rotary_emb,320,5.29067
rotary_emb,336,5.312
rotary_emb,352,5.35467
rotary_emb,368,5.38667
rotary_emb,384,5.39733
rotary_emb,400,6.208
rotary_emb,416,6.32533
rotary_emb,432,6.368
rotary_emb,448,6.38933
rotary_emb,464,6.34667
rotary_emb,480,6.48567
rotary_emb,496,6.63467
rotary_emb,512,6.528
rotary_emb,528,6.45333
rotary_emb,544,7.488
rotary_emb,560,7.488
rotary_emb,576,7.69067
rotary_emb,592,7.60533
rotary_emb,608,7.712
rotary_emb,624,7.69067
rotary_emb,640,7.76533
rotary_emb,656,7.712
rotary_emb,672,8.55467
rotary_emb,688,8.53333
rotary_emb,704,8.69333
rotary_emb,720,8.65067
rotary_emb,736,8.88533
rotary_emb,752,8.59733
rotary_emb,768,8.90667
rotary_emb,784,9.06667
rotary_emb,800,9.568
rotary_emb,816,9.74967
rotary_emb,832,10.9653
rotary_emb,848,9.73867
rotary_emb,864,11.4027
rotary_emb,880,10.0693
rotary_emb,896,11.7013
rotary_emb,912,11.264
rotary_emb,928,11.7547
rotary_emb,944,11.7653
rotary_emb,960,12.0533
rotary_emb,976,12.416
rotary_emb,992,12.576
rotary_emb,1008,12.6187
rotary_emb,1024,12.5227
rotary_emb,1040,12.2453
rotary_emb,1056,12.576
rotary_emb,1072,13.472
rotary_emb,1088,14.4
rotary_emb,1104,13.9627
rotary_emb,1120,13.9523
rotary_emb,1136,13.9413
rotary_emb,1152,14.88
rotary_emb,1168,13.92
rotary_emb,1184,14.7093
rotary_emb,1200,14.1333
rotary_emb,1216,15.136
rotary_emb,1232,14.368
rotary_emb,1248,15.296
rotary_emb,1264,15.36
rotary_emb,1280,15.456
rotary_emb,1296,15.584
rotary_emb,1312,15.712
rotary_emb,1328,15.3917
rotary_emb,1344,15.7333
rotary_emb,1360,15.9147
rotary_emb,1376,15.8187
rotary_emb,1392,16.0853
rotary_emb,1408,15.6267
rotary_emb,1424,16.8213
rotary_emb,1440,17.0987
rotary_emb,1456,17.312
rotary_emb,1472,17.5573
rotary_emb,1488,17.7393
rotary_emb,1504,18.0373
rotary_emb,1520,17.643
rotary_emb,1536,18.08
rotary_emb,1552,17.216
rotary_emb,1568,17.4613
rotary_emb,1584,17.5573
rotary_emb,1600,17.696
rotary_emb,1616,18.6563
rotary_emb,1632,18.3253
rotary_emb,1648,18.7947
rotary_emb,1664,18.08
rotary_emb,1680,18.3787
rotary_emb,1696,18.8587
rotary_emb,1712,18.933
rotary_emb,1728,20.4693
rotary_emb,1744,19.115
rotary_emb,1760,19.5093
rotary_emb,1776,21.4613
rotary_emb,1792,22.1547
rotary_emb,1808,21.1097
rotary_emb,1824,21.216
rotary_emb,1840,21.408
rotary_emb,1856,22.848
rotary_emb,1872,21.952
rotary_emb,1888,21.632
rotary_emb,1904,22.3147
rotary_emb,1920,23.1467
rotary_emb,1936,22.454
rotary_emb,1952,22.3567
rotary_emb,1968,22.9973
rotary_emb,1984,22.8267
rotary_emb,2000,23.2213
rotary_emb,2016,23.52
rotary_emb,2032,23.4773
rotary_emb,2048,24.1493
